title,行驶距离(万公里),year,上牌时间,年检到期,保险到期,price,车辆级别,车身颜色,驱动方式,出厂日期
福特F-150 2019款 3.5T LTD,8.4, 2020,2020-07,2024-07,2023-07,32.89,皮卡,蓝色,前置四驱, 2020 
宝马3系 2018款 320Li 时尚型,7.9, 2017,2017-12,2023-12,2023-12,16.2,中型车,白色,前置后驱, 2017 
奥迪S3 2017款 改款 S3 2.0T Limousine,4.7, 2019,2019-01,2025-01,2024-01,23.98,紧凑型车,蓝色,前置四驱, 2019 
奥迪SQ5 2021款 3.0 TFSI quattro,0.28,未上牌,,,,46.7,中型SUV,绿色,前置四驱,未上牌
奥迪SQ5 2021款 3.0 TFSI quattro,0.33,未上牌,,,,52.7,中型SUV,黑色,前置四驱,未上牌
奇骏 2019款 2.0L CVT智联舒适版 2WD,8.6, 2019,2019-01,2025-01,2024-01,11.58,紧凑型SUV,白色,前置前驱, 2019 
马自达CX-4 2020款 2.0L 自动两驱蓝天品位版,6.75, 2020,2020-06,2024-06,2023-06,10.46,紧凑型SUV,白色,前置前驱, 2020 
奥迪A3 2020款 改款 Limousine 35 TFSI 进取型 国VI,2.8, 2020,2020-12,2024-12,2023-12,11.86,紧凑型车,红/紫色,前置前驱, 2020 
高尔夫 2015款 1.4TSI 自动舒适型,7.5, 2015,2015-10,2023-10,2023-10,6.56,紧凑型车,白色,前置前驱, 2015 
领动 2016款 1.6L 自动智炫·精英型,7.8, 2018,2018-07,2024-07,2023-07,6.3,紧凑型车,白色,前置前驱, 2018 
雷凌 2017款 改款 185T CVT精英版 国VI,3.1, 2019,2019-03,2025-03,2024-03,7.38,紧凑型车,白色,前置前驱, 2019 
保时捷718 2018款 Cayman 2.0T,3.55, 2018,2018-03,2024-03,2024-03,42.88,跑车,银/灰色,中置后驱, 2018 
宝马1系 2019款 118i M运动套装,3.9, 2019,2019-01,2025-01,2024-01,10.98,紧凑型车,白色,前置前驱, 2019 
奔驰A级 2019款 A 200 L 运动轿车,4, 2019,2019-09,2023-09,2023-09,15.5,紧凑型车,银/灰色,前置前驱, 2019 
马自达3 昂克赛拉 2014款 三厢 1.5L 自动豪华型,6.1, 2015,2015-01,2024-01,2024-01,5.88,紧凑型车,红/紫色,前置前驱, 2015 
途观L 2019款 改款 330TSI 自动两驱R-Line旗舰版 国VI,7, 2020,2020-04,2024-04,2024-04,15.98,中型SUV,白色,前置前驱, 2020 
奔驰E级 2019款 E 200 L,11.3, 2019,2019-01,2025-01,2024-01,29.28,中大型车,黑色,前置后驱, 2019 
前途K50 2018款 标准型,4.1, 2020,2020-01,2024-01,2024-01,30.89,跑车,红/紫色,双电机四驱, 2020 
高尔夫 2019款 1.6L 自动舒适型 国V,5.9, 2019,2019-01,2025-01,2024-01,9.28,紧凑型车,白色,前置前驱, 2019 
杰德 2017款 1.8L 自动舒适版 5座,6.6, 2018,2018-01,2024-01,2024-01,8.8,紧凑型车,红/紫色,前置前驱, 2018 
宝马5系 2018款 528Li 上市特别版,6.6, 2018,2018-03,2024-03,2023-03,26.98,中大型车,香槟/棕色,前置后驱, 2018 
比亚迪M6 2015款 2.4L 自动尊贵版,10, 2017,2017-02,2024-02,2024-02,5.5,中大型车,红/紫色,前置前驱, 2017 
君威 2014款 1.6T 时尚技术型,9.6, 2014,2014-12,2023-12,2023-12,4.78,中型车,白色,前置前驱, 2014 
比亚迪F3 2020款 1.5L 手动超值版,0.6, 2021,2021-05,2025-05,2024-05,4.1,紧凑型车,白色,前置前驱, 2021 
奥迪A6L 2017款 TFSI 技术型,13.7, 2017,2017-10,2023-10,2023-10,18.3,中大型车,黑色,前置前驱, 2017 
奥迪Q5 2017款 40 TFSI 技术型,15.6, 2017,2017-07,2023-07,2023-07,15.8,中型SUV,白色,前置四驱, 2017 
桑塔纳 2018款 1.5L 手动风尚版,9.81, 2019,2019-06,2023-06,2023-06,4.18,紧凑型车,白色,前置前驱, 2019 
哈弗H6 2021款 2.0GDIT 自动冠军版,4.15, 2021,2021-01,2025-01,2024-01,8.88,紧凑型SUV,白色,前置前驱, 2021 
高尔夫 2020款 200TSI DSG舒适进取版,4, 2020,2020-04,2024-04,2023-04,8.98,紧凑型车,白色,前置前驱, 2020 
奥迪A6L 2022款 45 TFSI 臻选动感型,2.2, 2022,2022-06,2024-06,2023-06,35.8,中大型车,黑色,前置前驱, 2022 
奥迪A4L 2022款 40 TFSI 时尚致雅型,0.01, 2023,2023-05,2025-05,2024-05,26.6,中型车,白色,前置前驱, 2023 
奥迪A4L 2022款 40 TFSI quattro RS套件燃速型,0.67, 2022,2022-01,2024-01,2024-01,27.6,中型车,银/灰色,前置四驱, 2022 
奥迪Q2L 2022款 35 TFSI 进取动感型,0.01, 2023,2023-03,2025-03,2024-03,15.98,小型SUV,白色,前置前驱, 2023 
奥迪A3 2021款 Sportback 35 TFSI 进取运动型,0.74, 2022,2022-02,2024-02,2024-02,15.68,紧凑型车,白色,前置前驱, 2022 
奥迪A3 2022款 Sportback 35 TFSI 时尚运动型,0.01, 2023,2023-05,2025-05,2023-05,17.5,紧凑型车,白色,前置前驱, 2023 
RAV4荣放 2020款 2.0L CVT两驱风尚版,2, 2021,2021-01,2025-01,2024-01,14.98,紧凑型SUV,黑色,前置前驱, 2021 
奥迪A4L 2020款 40 TFSI 豪华动感型,3.18, 2021,2021-01,2025-01,2024-01,22.98,中型车,银/灰色,前置前驱, 2021 
奥迪A3 2022款 A3L Limousine 35 TFSI 时尚运动型,0.01, 2023,2023-03,2025-03,2023-03,17.98,紧凑型车,银/灰色,前置前驱, 2023 
奥迪A6L 2012款 TFSI 舒适型,20.3, 2013,2013-08,2023-08,2023-08,11.28,中大型车,黑色,前置前驱, 2013 
赛那SIENNA 2021款 2.5L混动 豪华版,0.9, 2022,2022-09,2024-09,2023-09,39.78,中大型车,黑色,前置前驱, 2022 
Passat 2008款 R36 旅行版,14.3, 2011,2011-06,2023-06,2023-06,14.88,中型车,蓝色,前置四驱, 2011 
揽胜 2013款 NA 5.0 V8 Vogue,15, 2013,2013-10,2023-10,2023-10,58.0,中大型SUV,白色,前置四驱, 2013 
翼虎 2013款 1.6L GTDi 四驱精英型,0.6, 2013,2013-12,2023-12,2023-12,7.98,紧凑型SUV,香槟/棕色,前置四驱, 2013 
普拉多 2018款 3.5L 自动TX-L,11, 2018,2018-04,2024-04,2024-04,42.5,中大型SUV,白色,前置四驱, 2018 
奔驰G级AMG 2021款 AMG G 63,1.41, 2022,2022-08,2024-08,2023-08,275.0,中大型SUV,白色,前置四驱, 2022 
揽胜 2023款 改款 3.0 L6 400PS 盛世加长版,0.01, 2023,2023-06,2025-06,2023-06,181.9,中大型SUV,白色,前置四驱, 2023 
Panamera 2019款 Panamera 4 行政加长版 2.9T,4.2, 2020,2020-06,2024-06,2023-06,102.5,大型车,香槟/棕色,前置四驱, 2020 
途乐 2017款 4.0L 自动,3.93, 2018,2018-01,2024-01,2024-01,35.5,大型SUV,白色,前置四驱, 2018 
飞驰 2012款 6.0T 限量版,7.6, 2013,2013-01,2024-01,2024-01,88.88,大型车,香槟/棕色,前置四驱, 2013 
奔驰GLC 2022款 GLC 260 L 4MATIC 豪华型,2.2, 2021,2021-12,2023-12,2023-12,37.9,中型SUV,黑色,前置四驱, 2021 
奔驰GLS 2020款 GLS 450 4MATIC 豪华型,2.7, 2020,2020-05,2024-05,2023-05,95.8,大型SUV,黑色,前置四驱, 2020 
奔驰E级 2021款 改款 E 300 L 豪华型,2.1, 2022,2022-04,2024-04,2024-04,41.58,中大型车,黑色,前置后驱, 2022 
奔驰EQS 2022款 450+ 先锋版,0.1, 2023,2023-01,2025-01,2024-01,63.8,大型车,银/灰色,后置后驱, 2023 
奔驰EQC 2022款 EQC 350 4MATIC 特别版,2.4, 2022,2022-04,2024-04,2024-04,26.6,中型SUV,白色,双电机四驱, 2022 
日产GT-R 2017款 3.8T 旗舰版,0.6, 2018,2018-07,2024-07,2023-07,169.8,跑车,黄/橙色,前置四驱, 2018 
宝马5系新能源 2021款 535Le 先锋版M运动套装,2.49, 2021,2021-04,2023-04,2023-04,37.68,中大型车,白色,前置后驱, 2021 
凯迪拉克CT6 2020款 28T 豪华型,3.1, 2021,2021-01,2025-01,2024-01,25.7,中大型车,白色,前置后驱, 2021 
凯迪拉克CT4 2022款 28T 风尚型,0.43, 2023,2023-01,2025-01,2024-01,18.3,中型车,白色,前置后驱, 2023 
凯迪拉克XT4 2022款 28T 两驱尊贵型,0.8, 2022,2022-10,2024-10,2023-10,21.8,紧凑型SUV,黑色,前置前驱, 2022 
沃尔沃XC90 2023款 B5 智行豪华版 7座,1.5, 2022,2022-08,2024-08,2023-08,45.9,中大型SUV,黑色,前置四驱, 2022 
宝马2系 2023款 M240i,0.15, 2023,2023-04,2025-04,2024-04,42.8,紧凑型车,黑色,前置后驱, 2023 
捷豹F-PACE 2023款 P250 R-Dynamic BLACK,0.41, 2023,2023-03,2025-03,2024-03,36.5,中型SUV,银/灰色,前置四驱, 2023 
昂科旗 2020款 28T 四驱尊贵型,2.3, 2021,2021-01,2025-01,2024-01,21.98,中大型SUV,蓝色,前置四驱, 2021 
奔驰GLC 2016款 GLC 260 4MATIC 动感型,10.18, 2016,2016-12,2023-12,2023-12,22.98,中型SUV,白色,前置四驱, 2016 
哈弗H6 2021款 1.5T 自动冠军版,3.91, 2021,2021-04,2025-04,2024-03,7.88,紧凑型SUV,白色,前置前驱, 2021 
发现 2023款 改款 360PS R-Dynamic SE,0.01, 2023,2023-05,2025-05,2023-05,69.9,中大型SUV,银/灰色,前置四驱, 2023 
奥迪A3 2020款 Limousine 35 TFSI 时尚型 国VI,3.21, 2020,2020-07,2024-07,2023-07,13.3,紧凑型车,白色,前置前驱, 2020 
雅阁 2011款 2.4L EXL Navi,11.8, 2011,2011-01,2024-01,2024-01,7.98,中型车,黑色,前置前驱, 2011 
高尔夫进口 2019款 1.8TSI 旅行版,2.43, 2019,2019-07,2023-07,2023-07,14.58,紧凑型车,白色,前置前驱, 2019 
领动 2016款 1.6L 自动智炫·精英型,7.15, 2018,2018-04,2024-04,2024-04,6.28,紧凑型车,白色,前置前驱, 2018 
星瑞 2021款 2.0TD 豪华型,0.53, 2022,2022-05,2024-05,2024-05,10.35,紧凑型车,白色,前置前驱, 2022 
马自达3 昂克赛拉 2019款 云控版 三厢 1.5L 自动豪华型 国VI,6.32, 2020,2020-01,2024-01,2024-01,8.45,紧凑型车,红/紫色,前置前驱, 2020 
帝豪GS 2020款 1.4T CVT雅,2.4, 2021,2021-02,2025-02,2024-02,6.98,紧凑型SUV,白色,前置前驱, 2021 
奕泽IZOA 2018款 2.0L 奕驰版 国VI,4.09, 2020,2020-01,2024-01,2024-01,9.65,小型SUV,红/紫色,前置前驱, 2020 
探岳 2020款 330TSI 两驱豪华智联版,3.8, 2021,2021-01,2025-01,2024-01,15.58,中型SUV,白色,前置前驱, 2021 
Taycan 2020款 Taycan,3, 2021,2021-04,2025-04,2024-04,73.5,中大型车,白色,后置后驱, 2021 
雷克萨斯LX 2019款 570 尊贵豪华版,5.6, 2020,2020-06,2024-06,2023-06,163.8,大型SUV,黑色,前置四驱, 2020 
奔驰E级 2019款 改款 E 300 L 运动时尚型,2.29, 2019,2019-06,2023-06,2023-06,35.5,中大型车,黑色,前置后驱, 2019 
奥迪A6L新能源 2022款 55 TFSI e quattro,0.14, 2023,2023-05,2025-05,2024-05,39.8,中大型车,黑色,前置四驱, 2023 
奥迪Q5L 2018款 40 TFSI 荣享时尚型 国V,4.78, 2018,2018-08,2024-08,2023-08,25.8,中型SUV,白色,前置四驱, 2018 
北京BJ40 2019款 2.3T 自动四驱环塔冠军版 国VI,6.1, 2020,2020-07,2024-07,2023-07,12.68,紧凑型SUV,蓝色,前置四驱, 2020 
别克GL8 2021款 陆上公务舱 652T 豪华型,5.3, 2021,2021-11,2023-11,2023-11,21.5,中大型车,白色,前置前驱, 2021 
宝马5系 2011款 523Li 领先型,10.48, 2011,2011-09,2023-09,2023-09,12.6,中大型车,银/灰色,前置后驱, 2011 
唐新能源 2019款 EV600D 四驱智联创世版,9.2, 2019,2019-10,2023-10,2023-10,16.28,中型SUV,红/紫色,双电机四驱, 2019 
别克GL8 2023款 ES陆尊 舒适型,0.01, 2023,2023-02,2025-02,2024-02,34.9,中大型车,白色,前置前驱, 2023 
威尔法 2019款 双擎 2.5L HV尊贵版,10.21, 2020,2020-01,2024-01,2024-01,73.5,中型SUV,白色,前置四驱, 2020 
凯迪拉克XT4 2018款 28T 四驱铂金版,9.8, 2019,2019-05,2025-05,2024-05,16.8,紧凑型SUV,白色,前置四驱, 2019 
奥迪Q5 2015款 40 TFSI 舒适型,7.7, 2015,2015-09,2023-09,2023-09,16.58,中型SUV,黑色,前置四驱, 2015 
奥迪A6L 2021款 40 TFSI 豪华动感型,6.7, 2021,2021-01,2025-01,2024-01,31.98,中大型车,黑色,前置前驱, 2021 
Mustang 2018款 2.3L EcoBoost,5.6, 2018,2018-09,2024-09,2023-09,21.58,跑车,黑色,前置后驱, 2018 
途昂 2020款 380TSI 四驱豪华版 国VI,7, 2020,2020-03,2024-03,2024-03,22.98,中大型SUV,黑色,前置四驱, 2020 
途昂 2017款 530 V6 四驱至尊旗舰版,10, 2017,2017-10,2023-10,2023-10,21.58,中大型SUV,黑色,前置四驱, 2017 
普拉多 2019款 3.5L 自动TX-L尊享版后挂备胎,6.3, 2020,2020-06,2024-06,2023-06,53.6,中大型SUV,白色,前置四驱, 2020 
RAV4荣放 2019款 2.0L CVT两驱风尚版 国VI,8.6, 2019,2019-08,2023-08,2023-08,12.98,紧凑型SUV,白色,前置前驱, 2019 
奔驰C级 2020款 C 260 L 运动版,1.99, 2020,2020-04,2024-04,2024-04,25.3,中型车,白色,前置后驱, 2020 
传祺M8 2021款 大师系列 390T 尊贵版,3.55, 2021,2021-07,2023-07,2023-07,20.8,中大型车,白色,前置前驱, 2021 
本田CR-V 2021款 240TURBO CVT两驱都市版,4, 2021,2021-07,2023-07,2023-07,15.68,紧凑型SUV,黑色,前置前驱, 2021 
奥迪Q3 2019款 40 TFSI quattro 时尚动感型,5.6, 2019,2019-11,2023-11,2023-11,18.6,紧凑型SUV,白色,前置四驱, 2019 
发现神行 2017款 2.0T SE,7, 2017,2017-10,2023-10,2023-10,15.98,中型SUV,白色,前置四驱, 2017 
奔驰C级 2015款 改款 C 200 L 运动型,6.6, 2016,2016-01,2024-01,2024-01,17.66,中型车,白色,前置后驱, 2016 
甲壳虫 2018款 180TSI 宜乐型,4.72, 2020,2020-05,2024-05,2024-05,13.9,紧凑型车,蓝色,前置前驱, 2020 
途锐 2017款 3.0TSI 拓野型,7.1, 2018,2018-07,2024-07,2023-07,33.8,中大型SUV,黑色,前置四驱, 2018 
奔驰GLA 2017款 GLA 220 4MATIC 时尚型,4.65, 2018,2018-03,2024-03,2024-03,16.8,紧凑型SUV,白色,前置四驱, 2018 
速腾 2019款 280TSI DSG舒适型 国VI,5, 2020,2020-04,2024-04,2024-04,11.3,紧凑型车,白色,前置前驱, 2020 
伊兰特 2021款 240TGDi DCT TOP旗舰版,0.5, 2021,2021-06,2023-06,2023-06,9.88,紧凑型车,红/紫色,前置前驱, 2021 
博瑞 2018款 1.5T MHEV 耀享版,4.8, 2018,2018-11,2024-11,2023-11,8.88,中型车,黑色,前置前驱, 2018 
普拉多(进口) 2014款 中东版,13.2, 2013,2013-12,2023-12,2023-12,25.8,中大型SUV,白色,前置四驱, 2013 
雷克萨斯RX 2020款 300 四驱典雅版 国VI,1.7, 2022,2022-04,2024-04,2024-04,43.88,中大型SUV,香槟/棕色,前置四驱, 2022 
途乐 2018款 4.0L 铂金型,2.71, 2019,2019-11,2025-11,2024-04,42.8,大型SUV,白色,前置四驱, 2019 
揽胜运动版 2017款 3.0 SC V6 HSE DYNAMIC,10.35, 2018,2018-01,2024-01,2024-01,53.0,中大型SUV,白色,前置四驱, 2018 
奔驰A级AMG进口 2016款 AMG A 45 4MATIC,3.99, 2017,2017-02,2024-02,2024-02,22.5,紧凑型车,银/灰色,前置四驱, 2017 
雷克萨斯ES 2014款 300h 舒适版,5.96, 2015,2015-08,2023-08,2023-08,17.5,中大型车,白色,前置前驱, 2015 
捷豹XF 2015款 XF 3.0 SC R-Sport 豪华版,8, 2015,2015-05,2023-05,2023-05,15.88,中大型车,香槟/棕色,前置后驱, 2015 
奥迪A4L 2019款 40 TFSI 进取型 国VI,3.6, 2020,2020-05,2024-05,2023-05,19.58,中型车,香槟/棕色,前置前驱, 2020 
汉兰达 2017款 2.0T 四驱豪华版 7座,5.9, 2017,2017-08,2023-08,2023-08,20.5,中型SUV,白色,前置四驱, 2017 
奥迪Q5 2016款 40 TFSI 舒适型,12, 2016,2016-08,2023-09,2023-09,15.3,中型SUV,白色,前置四驱, 2016 
奔驰C级 2013款 C 180 经典型 Grand Edition,6.8, 2014,2014-07,2023-07,2023-07,9.58,中型车,蓝色,前置后驱, 2014 
宝马5系 2014款 525Li 领先型,8.9, 2015,2015-05,2024-05,2024-05,17.9,中大型车,白色,前置后驱, 2015 
奥迪A4L 2015款 45 TFSI quattro个性运动型,6.32, 2014,2014-09,2023-09,2023-09,12.38,中型车,白色,前置四驱, 2014 
小鹏P5 2021款 550G,1.6, 2022,2022-01,2024-01,2024-01,13.78,紧凑型车,黑色,前置前驱, 2022 
甲壳虫 2013款 1.4TSI 舒适型,6.5, 2013,2013-03,2024-03,2024-03,8.6,紧凑型车,银/灰色,前置前驱, 2013 
科沃兹 2019款 320 自动欣悦版,7.1, 2018,2018-12,2024-12,2023-12,4.85,紧凑型车,白色,前置前驱, 2018 
奥迪A4L 2020款 40 TFSI 时尚动感型,3.37, 2021,2021-06,2023-06,2023-06,23.6,中型车,白色,前置前驱, 2021 
奔驰GLC 2021款 GLC 260 L 4MATIC 豪华型,2.18, 2021,2021-02,2025-02,2024-02,35.5,中型SUV,白色,前置四驱, 2021 
宝马5系 2019款 525Li M运动套装,6.1, 2019,2019-03,2025-03,2024-03,28.8,中大型车,白色,前置后驱, 2019 
奔驰S级 2016款 S 400 4MATIC 轿跑版,4.78, 2017,2017-07,2023-07,2023-07,72.3,大型车,黑色,前置四驱, 2017 
雷克萨斯LX 2017款 570 巅峰特别限量版,8.74, 2017,2017-11,2023-11,2023-11,136.8,大型SUV,白色,前置四驱, 2017 
卡罗拉 2021款 1.2T S-CVT精英PLUS版,1.8, 2022,2022-06,2024-06,2023-06,10.3,紧凑型车,白色,前置前驱, 2022 
思域 2022款 240TURBO CVT劲动版,0.2, 2022,2022-06,2024-06,2023-06,12.6,紧凑型车,白色,前置前驱, 2022 
威霆 2016款 2.0T 商务版,7.19, 2017,2017-09,2023-09,2023-09,21.6,中大型车,银/灰色,前置后驱, 2017 
途昂 2017款 330TSI 两驱豪华版,7.8, 2018,2018-12,2024-12,2023-12,18.8,中大型SUV,黑色,前置前驱, 2018 
甲壳虫 2017款 180TSI 尚乐版,3.9, 2018,2018-08,2024-08,2023-08,14.38,紧凑型车,白色,前置前驱, 2018 
奔驰C级 2021款 C 260 L 运动版,4.6, 2021,2021-06,2023-06,2023-06,26.2,中型车,白色,前置后驱, 2021 
Model 3 2021款 标准续航后驱升级版,2.2, 2021,2021-04,2025-04,2024-04,19.2,中型车,黑色,后置后驱, 2021 
奔驰GLB 2020款 GLB 200 时尚型,3.5, 2019,2019-12,2023-12,2023-12,20.5,紧凑型SUV,香槟/棕色,前置前驱, 2019 
炮 2019款 2.0T自动汽油四驱运动版GW4C20B,3, 2020,2020-03,2024-03,2024-03,11.88,皮卡,黑色,前置四驱, 2020 
翼虎 2019款 EcoBoost 180 两驱豪翼型 国V,6, 2020,2020-03,2024-03,2024-03,9.98,紧凑型SUV,白色,前置前驱, 2020 
Model 3 2021款 标准续航后驱升级版,3.3, 2021,2021-03,2025-03,2024-03,18.3,中型车,黑色,后置后驱, 2021 
宝马3系 2019款 320Li M运动套装,7.5, 2019,2019-03,2025-03,2024-03,19.68,中型车,白色,前置后驱, 2019 
奔驰A级 2021款 A 200 L 运动轿车时尚型,2.5, 2021,2021-06,2023-06,2023-06,18.6,紧凑型车,白色,前置前驱, 2021 
宝马3系 2016款 320Li 时尚型,7, 2016,2016-01,2024-01,2024-01,15.6,中型车,白色,前置后驱, 2016 
奥迪A3 2016款 Limousine 35 TFSI 领英型,6.6, 2016,2016-08,2023-08,2023-08,9.8,紧凑型车,白色,前置前驱, 2016 
欧蓝德 2019款 2.0L 两驱畅享版 5座 国VI,5.7, 2019,2019-02,2025-02,2024-02,10.3,紧凑型SUV,黑色,前置前驱, 2019 
奥迪S3 2017款 S3  2.0T Limousine,8.4, 2017,2017-04,2024-04,2024-04,16.98,紧凑型车,白色,前置四驱, 2017 
唐新能源 2021款 DM 2.0T 四驱高性能版尊荣型,4.8, 2021,2021-01,2025-01,2024-01,18.8,中型SUV,黑色,前置四驱, 2021 
蓝鸟 2020款 1.6L CVT炫酷版,2, 2021,2021-02,2025-02,2024-02,8.38,紧凑型车,白色,前置前驱, 2021 
途观 2016款 300TSI 自动四驱豪华版,9.2, 2016,2016-04,2024-04,2024-04,9.68,紧凑型SUV,白色,前置四驱, 2016 
凯迪拉克XT6 2021款 28T 七座豪华型,2.1, 2021,2021-04,2025-04,2024-04,30.98,中大型SUV,黑色,前置前驱, 2021 
奔腾T77 2020款 PRO 280 TID 自动豪华型,2, 2022,2022-06,2024-06,2023-06,7.38,紧凑型SUV,白色,前置前驱, 2022 
奔驰GLS 2018款 GLS 400 4MATIC动感型,6.4, 2018,2018-04,2024-04,2024-04,64.9,大型SUV,黑色,前置四驱, 2018 
牧马人 2019款 2.0T Sahara 四门版 国V,4.4, 2020,2020-11,2024-11,2023-11,37.8,中型SUV,黑色,前置四驱, 2020 
奔驰R级 2011款 R 300 L 商务型,13, 2014,2014-02,2024-02,2024-02,13.68,中大型车,白色,前置后驱, 2014 
冒险家 2022款 2.0T 两驱尊享版,0.89, 2022,2022-04,2024-04,2024-04,20.88,紧凑型SUV,黑色,前置前驱, 2022 
哈弗H5 2018款 经典版 2.0T 手动四驱精英型,8, 2018,2018-05,2024-05,2023-05,6.5,紧凑型SUV,白色,前置四驱, 2018 
海豚 2021款 405km 时尚版,1.8, 2022,2022-04,2024-04,2024-04,10.18,小型车,红/紫色,前置前驱, 2022 
Levante 2018款 3.0T 经典版,3.08, 2018,2018-05,2024-05,2023-05,54.5,中大型SUV,白色,前置四驱, 2018 
途昂 2020款 380TSI 四驱豪华版 国VI,6, 2021,2021-01,2025-01,2024-01,24.8,中大型SUV,黑色,前置四驱, 2021 
宝马5系 2020款 525Li 豪华套装,5.92, 2020,2020-04,2024-04,2024-04,29.9,中大型车,香槟/棕色,前置后驱, 2020 
高尔夫 2019款 280TSI DSG舒适型 国VI,4.5, 2019,2019-09,2023-09,2023-09,9.98,紧凑型车,白色,前置前驱, 2019 
宝马M4 2021款 M4双门轿跑车 雷霆版,3.5, 2021,2021-07,2023-07,2023-07,78.8,中型车,黄/橙色,前置后驱, 2021 
T-ROC探歌 2020款 280TSI DSG两驱进取型,4.5, 2020,2020-06,2024-06,2023-06,10.38,紧凑型SUV,白色,前置前驱, 2020 
长安CS75 2016款 2.0L 手动豪华型 国V,13, 2016,2016-10,2023-10,2023-10,4.16,紧凑型SUV,香槟/棕色,前置前驱, 2016 
甲壳虫 2018款 180TSI 宜乐型,2.6, 2019,2019-02,2025-02,2024-02,13.5,紧凑型车,红/紫色,前置前驱, 2019 
别克GL8 2020款 陆上公务舱 652T 豪华型,5.4, 2020,2020-06,2024-06,2023-06,21.3,中大型车,香槟/棕色,前置前驱, 2020 
MINI 2016款 2.0T COOPER S,6.2, 2016,2016-04,2023-04,2023-04,15.55,小型车,白色,前置前驱, 2016 
奔驰A级 2022款 改款 A 200 L 运动轿车时尚型,2.1, 2022,2022-06,2024-06,2023-06,18.8,紧凑型车,红/紫色,前置前驱, 2022 
奔驰C级 2013款 C 180 经典型 Grand Edition,11, 2014,2014-09,2023-09,2023-09,8.68,中型车,红/紫色,前置后驱, 2014 
奔驰GLC 2018款 GLC 260 4MATIC 豪华型,9.5, 2017,2017-12,2023-12,2023-12,23.99,中型SUV,黑色,前置四驱, 2017 
锐界 2017款 EcoBoost 245 两驱铂锐型 5座,8.9, 2017,2017-09,2023-09,2023-09,11.3,中型SUV,白色,前置前驱, 2017 
凯美瑞 2019款 2.5G 豪华版 国V,6.3, 2020,2020-03,2024-03,2024-03,14.98,中型车,黑色,前置前驱, 2020 
奥迪A6L 2016款 30 FSI 技术型,5.6, 2016,2016-01,2024-01,2024-01,23.88,中大型车,黑色,前置前驱, 2016 
奥迪A4L 2016款 35 TFSI 典藏版 自动标准型,8.2, 2016,2016-06,2023-06,2023-06,12.8,中型车,白色,前置前驱, 2016 
宝马1系进口 2016款 120i 领先型,6.9, 2017,2017-06,2023-06,2023-06,13.6,紧凑型车,白色,前置后驱, 2017 
奔驰A级AMG进口 2016款 AMG A 45 4MATIC,10.2, 2016,2016-02,2024-02,2024-02,18.98,紧凑型车,白色,前置四驱, 2016 
远景X6 2020款 1.4T CVT尊贵型,2.9, 2021,2021-06,2023-06,2023-06,6.98,紧凑型SUV,白色,前置前驱, 2021 
奔驰C级 2015款 改款 C 200 L 运动型,7.2, 2016,2016-05,2023-05,2023-05,16.5,中型车,红/紫色,前置后驱, 2016 
揽胜运动版 2020款 3.0 L6 SE,8.4, 2020,2020-09,2024-09,2023-09,66.9,中大型SUV,白色,前置四驱, 2020 
揽胜运动版 2022款 3.0 L6 SE,6.7, 2021,2021-09,2023-09,2023-09,70.8,中大型SUV,白色,前置四驱, 2021 
宝马3系 2017款 320i M运动型,8.3, 2017,2017-06,2023-06,2023-06,15.58,中型车,蓝色,前置后驱, 2017 
奔驰E级 2018款 E 200 L 运动型,1.14, 2018,2018-09,2024-09,2023-09,30.9,中大型车,白色,前置后驱, 2018 
奥迪A4L 2018款 30周年年型 40 TFSI 时尚型,9.8, 2018,2018-08,2024-08,2023-08,17.58,中型车,香槟/棕色,前置前驱, 2018 
科鲁兹 2018款 320 自动先锋天窗版,9.5, 2018,2018-04,2024-04,2023-04,5.88,紧凑型车,红/紫色,前置前驱, 2018 
捷豹XJ 2016款 XJL 2.0T 两驱典雅商务版,10.1, 2018,2018-03,2024-03,2023-03,27.98,大型车,白色,前置后驱, 2018 
缤智 2020款 1.5L CVT先锋版,5.6, 2020,2020-07,2024-07,2023-07,9.8,小型SUV,白色,前置前驱, 2020 
沃尔沃S90 2020款 T5 智逸豪华版,4, 2019,2019-05,2023-05,2023-05,20.98,中大型车,香槟/棕色,前置前驱, 2019 
唐新能源 2021款 DM 2.0T 四驱高性能版创世旗舰型,5, 2021,2021-02,2025-02,2024-02,19.8,中型SUV,银/灰色,前置四驱, 2021 
速派 2018款 TSI330 DSG舒适版 国V,9.6, 2018,2018-07,2024-07,2023-07,9.69,中型车,白色,前置前驱, 2018 
别克GL8 2021款 ES陆尊 653T 尊享型,2.1, 2021,2021-09,2023-09,2023-09,30.68,中大型车,白色,前置前驱, 2021 
雷克萨斯LX 2019款 570 尊贵豪华版,4.31, 2018,2018-09,2024-09,2023-09,147.8,大型SUV,香槟/棕色,前置四驱, 2018 
迈巴赫S级 2021款 S 480 4MATIC,2.72, 2022,2022-01,2024-01,2024-01,146.8,大型车,黑色,前置四驱, 2022 
揽胜 2023款 3.0 L6 400PS 盛世加长版,0.18, 2022,2022-08,2024-08,2023-08,179.0,中大型SUV,黑色,前置四驱, 2022 
传祺M8 2021款 大师系列 390T 四座御尊版,1.2, 2022,2022-05,2024-05,2023-05,32.2,中大型车,黑色,前置前驱, 2022 
揽胜 2020款 3.0 L6 传世加长版,5, 2020,2020-09,2024-09,2023-09,128.9,中大型SUV,黑色,前置四驱, 2020 
奥迪A3 2019款 Sportback 35 TFSI 时尚型 国VI,6.99, 2019,2019-07,2023-07,2023-07,11.98,紧凑型车,白色,前置前驱, 2019 
发现 2021款 300PS S,1.29, 2022,2022-09,2024-09,2023-09,56.2,中大型SUV,黑色,前置四驱, 2022 
奥迪A7 2021款 45 TFSI 臻选型,1.98, 2022,2022-01,2024-01,2023-05,50.9,中大型车,蓝色,前置前驱, 2022 
Panamera 2021款 Panamera 行政加长版 2.9T,1.5, 2021,2021-11,2023-11,2023-11,116.0,大型车,银/灰色,前置后驱, 2021 
揽胜运动版 2020款 3.0 L6 HSE DYNAMIC,4.9, 2020,2020-07,2024-07,2023-07,74.5,中大型SUV,黑色,前置四驱, 2020 
高合HiPhi X 2021款 旗舰版6座,1.54, 2022,2022-01,2024-01,2024-01,47.9,中大型SUV,红/紫色,双电机四驱, 2022 
保时捷718 2022款 Boxster 2.0T,0.53, 2022,2022-01,2024-01,2024-01,64.8,跑车,黄/橙色,中置后驱, 2022 
奔驰S级 2022款 S 450 L 4MATIC,1.75, 2022,2022-01,2024-01,2024-01,113.9,大型车,黑色,前置四驱, 2022 
奔驰S级 2022款 S 450 L 4MATIC,0.42, 2022,2022-03,2024-03,2024-03,115.8,大型车,黑色,前置四驱, 2022 
途锐 2021款 2.0TSI 领航特别版,2.7, 2021,2021-02,2025-02,2024-02,41.2,中大型SUV,黑色,前置四驱, 2021 
发现 2021款 360PS R-Dynamic S,2.37, 2022,2022-02,2024-02,2024-02,63.5,中大型SUV,黑色,前置四驱, 2022 
高合HiPhi X 2021款 旗舰版6座,0.97, 2022,2022-05,2024-05,2023-05,50.9,中大型SUV,红/紫色,双电机四驱, 2022 
奥迪A8 2021款 A8L 50 TFSI quattro 舒适型,2.33, 2021,2021-05,2023-05,2023-05,62.9,大型车,黑色,前置四驱, 2021 
奔驰S级 2022款 S 400 L 商务型,0.94, 2022,2022-07,2024-07,2023-07,87.9,大型车,黑色,前置后驱, 2022 
发现 2020款 3.0 SC V6 30周年特别版,2.29, 2021,2021-05,2023-05,2023-05,55.9,中大型SUV,黑色,前置四驱, 2021 
奔驰S级 2022款 S 450 L 4MATIC,0.73, 2022,2022-01,2024-01,2024-01,115.9,大型车,黑色,前置四驱, 2022 
路虎卫士 2020款 110 P400 暗黑特别版,3.8, 2021,2021-01,2025-01,2024-01,81.8,中大型SUV,银/灰色,前置四驱, 2021 
雷克萨斯LS 2021款 500h 行政版,0.77, 2022,2022-09,2024-09,2023-09,89.9,大型车,黑色,前置后驱, 2022 
宝马X5进口 2021款 xDrive40i M运动套装,3.84, 2021,2021-06,2023-06,2023-06,65.8,中大型SUV,白色,前置四驱, 2021 
揽胜运动版 2020款 3.0 L6 HSE DYNAMIC,3.78, 2020,2020-01,2024-01,2024-01,74.8,中大型SUV,白色,前置四驱, 2020 
领航员 2020款 3.5T 长轴总统版,3.6, 2020,2020-08,2024-08,2023-08,88.8,大型SUV,黑色,前置四驱, 2020 
奔驰CLS 2022款 CLS 300 动感型,1.14, 2022,2022-04,2024-04,2023-04,54.9,中大型车,白色,前置后驱, 2022 
宝马X5进口 2022款 xDrive30i M运动套装,1.44, 2022,2022-04,2024-04,2024-03,62.9,中大型SUV,黑色,前置四驱, 2022 
揽胜运动版 2021款 3.0 L6 耀黑版,1.84, 2021,2021-05,2023-05,2023-05,79.9,中大型SUV,银/灰色,前置四驱, 2021 
宝马X5进口 2020款 xDrive40i M运动套装,3.2, 2020,2020-06,2024-06,2023-06,61.8,中大型SUV,白色,前置四驱, 2020 
揽胜运动版 2021款 3.0 L6 耀黑版,2.86, 2021,2021-03,2023-03,2023-03,81.9,中大型SUV,白色,前置四驱, 2021 
Panamera 2021款 Panamera 2.9T,1.33, 2021,2021-04,2023-04,2023-04,107.0,大型车,蓝色,前置后驱, 2021 
揽胜 2021款 3.0 L6 传世版,2.74, 2021,2021-06,2023-06,2023-05,122.8,中大型SUV,白色,前置四驱, 2021 
宝马X7 2021款 xDrive40i 领先型豪华套装,2.3, 2021,2021-07,2023-07,2023-07,85.8,大型SUV,黑色,前置四驱, 2021 
宝马5系 2022款 改款 530Li 领先型 M运动套装,0.89, 2022,2022-06,2024-06,2023-06,40.9,中大型车,白色,前置后驱, 2022 
发现运动版 2020款 249PS R-Dynamic 性能版,3.49, 2021,2021-01,2025-01,2024-01,22.98,中型SUV,白色,前置四驱, 2021 
奥迪A7 2020款 45 TFSI 臻选型,2.75, 2020,2020-08,2024-08,2023-08,46.4,中大型车,白色,前置前驱, 2020 
奥迪A4L 2022款 40 TFSI 豪华动感型,1.07, 2022,2022-02,2024-02,2024-02,26.5,中型车,白色,前置前驱, 2022 
长安UNI-T 2020款 1.5T 尊贵型,2.09, 2021,2021-05,2025-05,2023-05,9.58,紧凑型SUV,白色,前置前驱, 2021 
智跑 2019款 2.0L 自动智享豪华版,7.09, 2020,2020-07,2024-07,2023-07,9.58,紧凑型SUV,白色,前置前驱, 2020 
捷达VS7 2020款 1.4T 自动悦享型,3.99, 2020,2020-08,2024-08,2023-07,8.76,中型SUV,银/灰色,前置前驱, 2020 
长安CS75 PLUS 2020款 2.0T 自动旗舰型,2.37, 2020,2020-01,2024-01,2023-12,10.45,紧凑型SUV,白色,前置前驱, 2020 
长安CS75 PLUS 2021款 2.0T 自动旗舰型,2.69, 2021,2021-05,2025-05,2023-05,11.19,紧凑型SUV,银/灰色,前置前驱, 2021 
北京现代ix35 2019款 2.0L 自动两驱智勇·畅享版 国V,9.6, 2019,2019-05,2025-05,2023-05,7.89,紧凑型SUV,白色,前置前驱, 2019 
摩卡 2021款 2.0T 四驱特醇版,1.01, 2021,2021-05,2024-05,2024-06,15.58,中型SUV,白色,前置四驱, 2021 
荣威RX5 2018款 20T 两驱自动旗舰版,3.78, 2018,2018-03,2024-03,2024-03,6.28,紧凑型SUV,白色,前置前驱, 2018 
长安CS55PLUS 2022款 第二代 1.5T DCT领航型,2.3, 2021,2021-08,2025-08,2023-08,8.88,紧凑型SUV,白色,前置前驱, 2021 
马自达CX-4 2021款 2.0L 自动两驱蓝天探索版,1.9, 2021,2021-03,2025-03,2024-01,11.18,紧凑型SUV,银/灰色,前置前驱, 2021 
长安CS75 2017款 尚酷版 1.5T 自动锋悦型,4.53, 2017,2017-09,2023-09,2023-09,5.68,紧凑型SUV,白色,前置前驱, 2017 
马自达CX-4 2018款 2.0L 自动两驱蓝天领先版 国VI,4.08, 2019,2019-05,2025-05,2024-05,10.09,紧凑型SUV,白色,前置前驱, 2019 
途胜 2015款 1.6T 双离合两驱智能型,12.19, 2016,2016-01,2024-01,2024-01,6.89,紧凑型SUV,白色,前置前驱, 2016 
北京现代ix35 2013款 2.0L 自动两驱智能型GLS 国IV,13.01, 2014,2014-08,2023-08,2023-07,5.19,紧凑型SUV,白色,前置前驱, 2014 
长安CS35 2015款 1.6L 自动豪华型 国IV,7.35, 2016,2016-01,2024-01,2023-12,3.69,小型SUV,白色,前置前驱, 2016 
马自达CX-3 2018款 2.0L 自动尊贵型,2.94, 2018,2018-07,2024-07,2023-07,8.18,小型SUV,红/紫色,前置前驱, 2018 
沃尔沃XC90 2021款 B5 智行豪华版 5座,5.1, 2021,2021-01,2025-01,2024-01,41.8,中大型SUV,黑色,前置四驱, 2021 
领克01 2021款 2.0TD 四驱劲Halo,3.5, 2021,2021-06,2023-06,2023-06,14.68,紧凑型SUV,白色,前置四驱, 2021 
宋MAX新能源 2019款 DM 1.5T 智联致进型 6座 国VI,4.39, 2020,2020-04,2024-04,2024-04,9.98,小型SUV,白色,前置前驱, 2020 
途观L新能源 2022款 430PHEV 插电混动旗舰版,0.09, 2021,2021-09,2023-09,2023-09,18.18,中型SUV,银/灰色,前置前驱, 2021 
朗逸 2021款 280TSI DSG豪华版,2.55, 2021,2021-01,2025-01,2023-11,10.78,紧凑型车,白色,前置前驱, 2021 
帕萨特 2017款 330TSI DSG御尊版,5.64, 2018,2018-02,2024-02,2024-02,12.18,中型车,黑色,前置前驱, 2018 
奔驰GLC 2016款 GLC 260 4MATIC 豪华型,5.71, 2016,2016-08,2024-08,2023-08,22.15,中型SUV,银/灰色,前置四驱, 2016 
奥迪Q2L 2018款 35 TFSI 时尚动感型 国VI,3.77, 2019,2019-11,2023-11,2023-11,12.35,小型SUV,黄/橙色,前置前驱, 2019 
奔驰A级 2020款 A 180 L 运动轿车,4.35, 2020,2020-05,2024-05,2024-05,14.98,紧凑型车,白色,前置前驱, 2020 
欧蓝德 2023款 1.5T CVT四驱尊耀版 7座,0.27, 2022,2022-12,2024-12,2023-12,18.58,紧凑型SUV,白色,前置四驱, 2022 
奔驰GLA 2015款 GLA 200 时尚型,9.47, 2015,2015-12,2023-12,2023-12,10.68,紧凑型SUV,银/灰色,前置前驱, 2015 
途铠 2020款 280TSI DSG豪华版,5.32, 2020,2020-06,2024-06,2023-06,9.68,小型SUV,白色,前置前驱, 2020 
自由侠 2016款 1.4T 自动劲能版,7.96, 2017,2017-02,2025-02,2024-02,6.18,小型SUV,银/灰色,前置前驱, 2017 
昕锐 2019款 1.5L 自动舒适版 国V,4.8, 2020,2020-04,2024-04,2024-05,6.18,紧凑型车,白色,前置前驱, 2020 
高尔夫 2020款 挚爱版 280TSI DSG R-Line,6.4, 2020,2020-06,2024-06,2023-06,12.38,紧凑型车,白色,前置前驱, 2020 
高尔夫 2019款 280TSI DSG舒适型 国V,5, 2019,2019-07,2023-07,2023-07,9.98,紧凑型车,白色,前置前驱, 2019 
朗逸 2019款 1.5L 自动舒适版 国VI,6.2, 2019,2019-12,2023-12,2023-12,8.98,紧凑型车,白色,前置前驱, 2019 
长安CS35PLUS 2019款 1.6L 自动畅联版,4.4, 2020,2020-08,2024-08,2023-08,7.28,小型SUV,白色,前置前驱, 2020 
英朗 2019款 18T 自动互联精英型 国VI,6.5, 2020,2020-01,2024-01,2024-01,6.98,紧凑型车,白色,前置前驱, 2020 
缤越 2021款 1.4T DCT钻石版,1.5, 2022,2022-03,2024-03,2023-03,8.48,小型SUV,红/紫色,前置前驱, 2022 
沃兰多 2020款 轻混 Redline 530T 自动纵享版（5+2款）,1.4, 2020,2020-07,2024-07,2023-07,9.48,紧凑型车,银/灰色,前置前驱, 2020 
奥迪A6L 2019款 40 TFSI 豪华致雅型,7.5, 2019,2019-11,2023-11,2023-11,29.9,中大型车,黑色,前置前驱, 2019 
揽胜星脉 2020款 P250 R-DYNAMIC S,6, 2020,2020-01,2024-01,2024-01,35.88,中型SUV,蓝色,前置四驱, 2020 
别克GL8 2018款 28T 豪华型 国VI,7, 2019,2019-11,2023-11,2023-11,17.38,中大型车,香槟/棕色,前置前驱, 2019 
凯美瑞 2022款 2.0GVP 领先版,0.01, 2023,2023-03,2025-03,2024-03,16.99,中型车,白色,前置前驱, 2023 
福克斯 2015款 两厢 1.6L 自动风尚型,4.2, 2015,2015-12,2023-12,2023-12,5.68,紧凑型车,白色,前置前驱, 2015 
奥迪A3 2018款 30周年年型 Limousine 35 TFSI 风尚型,4.3, 2019,2019-02,2025-02,2024-02,11.5,紧凑型车,红/紫色,前置前驱, 2019 
奥迪A6L 2017款 TFSI 舒适型,11, 2017,2017-08,2023-08,2023-08,18.8,中大型车,香槟/棕色,前置前驱, 2017 
传祺M8 2021款 领秀系列 390T 至尊版,1.25, 2022,2022-06,2024-06,2023-06,21.58,中大型车,白色,前置前驱, 2022 
奥迪A4L 2019款 40 TFSI 进取型 国VI,13.8, 2019,2019-04,2025-04,2024-04,16.2,中型车,白色,前置前驱, 2019 
凯迪拉克CT5 2020款 改款 28T 豪华型,3.1, 2021,2021-01,2025-01,2024-01,20.59,中型车,蓝色,前置后驱, 2021 
小鹏P7 2021款 480N,1.47, 2022,2022-03,2024-03,2024-03,16.39,中型车,银/灰色,后置后驱, 2022 
桑塔纳 2018款 1.5L 自动舒适版,5.05, 2019,2019-01,2025-01,2023-12,5.88,紧凑型车,白色,前置前驱, 2019 
传祺M8 2023款 领秀系列 390T 尊贵版,5.7, 2022,2022-08,2024-08,2023-08,19.2,中大型车,黑色,前置前驱, 2022 
奕泽IZOA 2018款 2.0L 奕驰版 国VI,3.58, 2020,2020-03,2024-03,2024-03,9.89,小型SUV,红/紫色,前置前驱, 2020 
起亚K2 2017款 三厢 1.4L AT 15周年特别版GLS,5.92, 2019,2019-01,2025-01,2023-08,5.18,小型车,白色,前置前驱, 2019 
普拉多(进口) 2018款 4.0L 自动,5.7, 2020,2020-08,2024-08,2023-08,61.38,中大型SUV,白色,前置四驱, 2020 
沃尔沃XC60 2019款 T5 四驱智逸版 国V,6.51, 2018,2018-09,2024-09,2023-09,20.39,中型SUV,香槟/棕色,前置四驱, 2018 
传祺M8 2023款 领秀系列 390T 尊贵版,0.97, 2022,2022-09,2024-09,2023-09,20.5,中大型车,白色,前置前驱, 2022 
缤智 2019款 1.5L CVT先锋版 国VI,5.56, 2019,2019-10,2023-10,2023-10,8.88,小型SUV,白色,前置前驱, 2019 
奥迪A6L 2021款 40 TFSI 豪华致雅型,3.03, 2021,2021-04,2023-04,2023-04,32.68,中大型车,黑色,前置前驱, 2021 
奥迪A6L 2020款 40 TFSI 豪华致雅型,5.45, 2020,2020-03,2024-03,2023-03,30.9,中大型车,黑色,前置前驱, 2020 
奥迪A6L 2022款 45 TFSI quattro 臻选动感型,1.12, 2022,2022-08,2024-08,2023-08,38.68,中大型车,黑色,前置四驱, 2022 
奥迪A6L 2020款 40 TFSI 豪华致雅型,4.05, 2020,2020-04,2024-04,2023-04,31.1,中大型车,黑色,前置前驱, 2020 
奥迪A3 2018款 30周年年型 Limousine 35 TFSI 进取型,4.8, 2018,2018-09,2024-09,2023-09,10.2,紧凑型车,白色,前置前驱, 2018 
明锐 2019款 TSI280 DSG智行豪华版 国VI,4.41, 2020,2020-06,2024-06,2023-06,9.19,紧凑型车,白色,前置前驱, 2020 
宝马5系新能源 2020款 里程升级版 530Le 先锋版,8, 2020,2020-07,2024-07,2023-07,29.48,中大型车,黑色,前置后驱, 2020 
奥迪A6L 2014款 TFSI 标准型,12.3, 2015,2015-06,2023-06,2023-06,15.9,中大型车,黑色,前置前驱, 2015 
奥迪A3 2019款 Sportback 35 TFSI 进取型 国VI,4.7, 2019,2019-07,2023-07,2023-07,10.9,紧凑型车,白色,前置前驱, 2019 
奥迪A3 2022款 A3L Limousine 35 TFSI 时尚运动型,0.01, 2023,2023-03,2025-03,2024-03,17.38,紧凑型车,白色,前置前驱, 2023 
奥迪A3 2022款 A3L Limousine 35 TFSI 时尚运动型,0.01, 2023,2023-04,2025-04,2023-04,17.38,紧凑型车,白色,前置前驱, 2023 
奥迪A3 2022款 Sportback 35 TFSI 时尚运动型,0.01, 2023,2023-04,2025-04,2023-04,17.08,紧凑型车,白色,前置前驱, 2023 
奥迪A3 2022款 Sportback 35 TFSI 时尚致雅型,0.01, 2023,2023-03,2025-03,2024-03,17.08,紧凑型车,白色,前置前驱, 2023 
索纳塔 2014款 2.0L 自动豪华版,8.91, 2015,2015-03,2023-03,2023-03,5.58,中型车,白色,前置前驱, 2015 
古思特 2014款 6.6T 加长版,7, 2015,2015-07,2023-07,2023-07,248.0,大型车,黑色,前置后驱, 2015 
奔驰V级 2018款 V 260 领航版 国VI,5, 2019,2019-06,2023-06,2023-06,33.8,中大型SUV,黑色,前置后驱, 2019 
路虎卫士 2.2T 柴油 欧规版,4.7, 2016,2016-03,2024-03,2024-03,93.8,中大型SUV,白色,前置四驱, 2016 
宝马5系 2018款 530Li 尊享型 M运动套装,8.2, 2018,2018-03,2024-03,2024-03,27.98,中大型车,白色,前置后驱, 2018 
QQ冰淇淋 2022款 170km 圣代 磷酸铁锂,0.01, 2023,2023-05,2025-05,2024-05,4.16,微型车,绿色,后置后驱, 2023 
赛那SIENNA 2021款 2.5L混动 铂金版,2.6, 2022,2022-04,2024-04,2024-04,40.9,中大型车,白色,前置前驱, 2022 
别克GL8 2021款 ES陆尊 653T 智慧豪华型,0.6, 2023,2023-05,2025-05,2024-05,36.68,中大型车,香槟/棕色,前置前驱, 2023 
长安CS75 PLUS 2023款 第三代 1.5T 自动豪华型,0.3, 2023,2023-05,2025-05,2024-05,11.68,紧凑型SUV,银/灰色,前置前驱, 2023 
帕杰罗(进口) 2018款 3.8L 自动,6, 2019,2019-06,2023-06,2023-06,26.28,中大型SUV,白色,前置四驱, 2019 
雷克萨斯NX 2015款 300h 全驱 锋致版,11.8, 2014,2014-12,2023-12,2023-12,16.38,中型SUV,白色,前置四驱, 2014 
哪吒U 2021款 Pro 400 尊享驾驭版,1.7, 2022,2022-03,2024-03,2024-03,10.38,紧凑型SUV,白色,前置前驱, 2022 
普拉多(进口) 2013款 2.7L 自动,17, 2013,2013-08,2023-08,2023-08,25.38,中大型SUV,白色,前置四驱, 2013 
普拉多 2019款 3.5L 自动TX-L尊享版后挂备胎,3.24, 2019,2019-11,2023-11,2023-11,52.9,中大型SUV,白色,前置四驱, 2019 
宝马3系 2021款 325i M运动套装,5.3, 2021,2021-04,2025-04,2024-04,27.5,中型车,白色,前置后驱, 2021 
途锐 2018款 3.0TSI 荣耀典藏版,6.66, 2018,2018-09,2024-09,2023-09,33.1,中大型SUV,黑色,前置四驱, 2018 
揽胜 2018款 3.0T 美规版,7.57, 2018,2018-09,2024-09,2023-09,96.8,中大型SUV,白色,前置四驱, 2018 
途锐 2017款 3.0TSI 拓界版,7, 2018,2018-05,2024-05,2024-05,34.8,中大型SUV,香槟/棕色,前置四驱, 2018 
揽胜运动版 2022款 3.0 L6 耀黑版,2.5, 2022,2022-04,2024-04,2024-04,83.8,中大型SUV,白色,前置四驱, 2022 
途锐 2019款 3.0TSI 锐锋版 国VI,2.7, 2020,2020-05,2024-05,2024-05,48.5,中大型SUV,银/灰色,前置四驱, 2020 
奔驰S级 2019款 S 450 L 4MATIC,5.95, 2018,2018-12,2024-12,2023-12,79.5,大型车,黑色,前置四驱, 2018 
奥迪Q5 2015款 40 TFSI 舒适型,7.99, 2015,2015-08,2023-08,2023-08,16.38,中型SUV,黑色,前置四驱, 2015 
胜达 2013款 改款 2.4L 自动四驱智能型,12.6, 2014,2014-08,2023-08,2023-08,8.3,中型SUV,白色,前置四驱, 2014 
菲斯塔 2019款 280TGDi 运动版 国VI,3.1, 2020,2020-04,2024-04,2024-04,9.08,紧凑型车,银/灰色,前置前驱, 2020 
速腾 2018款 280TSI DSG豪华型,8.3, 2018,2018-09,2024-09,2023-09,8.6,紧凑型车,白色,前置前驱, 2018 
凯迪拉克XT6 2020款 28T 六座四驱豪华型,5.29, 2020,2020-01,2024-01,2024-01,28.5,中大型SUV,黑色,前置四驱, 2020 
宝马3系 2021款 325Li M运动套装,2.3, 2021,2021-07,2023-07,2023-07,27.8,中型车,红/紫色,前置后驱, 2021 
理想L9 2022款 Max,1.3, 2023,2023-01,2025-01,2024-01,42.9,大型SUV,银/灰色,双电机四驱, 2023 
揽胜 2020款 3.0T 柴油欧规版,4.2, 2020,2020-08,2024-08,2023-08,111.8,中大型SUV,银/灰色,前置四驱, 2020 
揽胜 2018款 3.0 SC V6 Vogue 传世版,1.6, 2018,2018-04,2024-04,2024-04,99.8,中大型SUV,黑色,前置四驱, 2018 
兰德酷路泽(进口) 2012款 中东版,15, 2011,2011-08,2023-08,2023-08,35.5,中大型SUV,白色,前置四驱, 2011 
奔驰GLS 2018款 3.0T 美规版,3, 2019,2019-04,2025-04,2024-04,72.8,大型SUV,黑色,前置四驱, 2019 
奔驰GLS 2018款 GLS 450 美规版,1.9, 2019,2019-03,2025-03,2024-03,73.8,大型SUV,黑色,前置四驱, 2019 
宝马5系 2017款 525Li 豪华设计套装,10.04, 2017,2017-04,2024-04,2024-04,20.6,中大型车,白色,前置后驱, 2017 
昂科威 2018款 28T 四驱精英型,8.4, 2018,2018-01,2024-01,2024-01,13.3,中型SUV,红/紫色,前置四驱, 2018 
普拉多(进口) 2013款 2.7L 中东版,13.6, 2013,2013-02,2024-02,2024-02,23.98,中大型SUV,黑色,前置四驱, 2013 
英朗 2021款 典范 1.5L 自动精英型,1.3, 2021,2021-09,2023-09,2023-09,7.18,紧凑型车,白色,前置前驱, 2021 
名爵6 2020款 1.5T 自动领潮豪华版,1, 2022,2022-06,2024-06,2023-06,9.38,紧凑型车,白色,前置前驱, 2022 
科雷嘉 2019款 SCe200 自动两驱智尚型 国V,3.72, 2019,2019-04,2025-04,2024-04,8.58,紧凑型SUV,白色,前置前驱, 2019 
骐达TIIDA 2019款 1.6L CVT智行版 国VI,3.4, 2019,2019-03,2023-03,2023-03,7.98,紧凑型车,白色,前置前驱, 2019 
途锐 2018款 3.0TSI 荣耀典藏版,8.4, 2019,2019-06,2023-06,2023-06,34.98,中大型SUV,黑色,前置四驱, 2019 
Panamera 2013款 Panamera Platinum Edition 3.6L,15.6, 2012,2012-12,2023-12,2023-12,26.88,大型车,黑色,前置后驱, 2012 
红旗E-QM5 2021款 充电 T3版 4座,0.8, 2021,2021-09,2023-09,2023-09,11.9,中型车,黑色,前置前驱, 2021 
哈弗H6 2018款 红标 运动版 1.5T 自动两驱精英型,4.4, 2019,2019-06,2023-06,2023-06,6.98,紧凑型SUV,白色,前置前驱, 2019 
帕萨特 2019款 330TSI 豪华版 国VI,5.4, 2020,2020-01,2024-01,2024-01,16.68,中型车,黑色,前置前驱, 2020 
吉姆尼进口 2015款 1.3 AT JLX导航版,8, 2017,2017-09,2023-09,2023-09,13.9,小型SUV,绿色,前置四驱, 2017 
奔驰M级 2013款 ML 350 美规版,15.2, 2013,2013-04,2024-04,2024-04,20.38,中大型SUV,白色,前置四驱, 2013 
Cayenne 2019款 Cayenne 3.0T,0.74, 2022,2022-11,2024-11,2023-11,91.3,中大型SUV,银/灰色,前置四驱, 2022 
揽胜 2020款 3.0 L6 盛世版,4.2, 2020,2020-11,2024-11,2023-11,109.8,中大型SUV,黑色,前置四驱, 2020 
揽胜运动版 2016款 3.0 SC V6 SE,13, 2017,2017-01,2024-01,2024-01,43.8,中大型SUV,白色,前置四驱, 2017 
雷克萨斯LX 2022款 600 中东版,1.6, 2023,2023-02,2025-02,2024-02,206.8,大型SUV,黑色,前置四驱, 2023 
奇骏 2017款 2.5L CVT领先版 4WD,7.9, 2018,2018-05,2024-05,2023-05,13.6,紧凑型SUV,白色,前置四驱, 2018 
哈弗H6 2017款 蓝标 运动版 1.5T 自动两驱豪华型,6.8, 2017,2017-05,2023-05,2023-05,5.6,紧凑型SUV,白色,前置前驱, 2017 
帕杰罗·劲畅 2013款 3.0L 自动四驱行政版,11.2, 2017,2017-12,2023-12,2023-12,11.78,中型SUV,白色,前置四驱, 2017 
途乐 2018款 4.0L 领英型,1.7, 2019,2019-01,2025-01,2024-01,37.5,大型SUV,白色,前置四驱, 2019 
沃尔沃XC60 2017款 T5 AWD 智远升级版,9.6, 2018,2018-01,2024-01,2024-01,15.8,中型SUV,香槟/棕色,前置四驱, 2018 
理想ONE 2021款 增程6座版,5, 2021,2021-11,2023-11,2023-11,23.8,中大型SUV,银/灰色,双电机四驱, 2021 
宝马3系 2016款 320Li 时尚型,5, 2016,2016-04,2024-04,2024-04,15.38,中型车,白色,前置后驱, 2016 
牧马人 2021款 2.0T 罗宾汉四门版,1.1, 2023,2023-02,2025-02,2024-02,48.6,中型SUV,红/紫色,前置四驱, 2023 
揽胜 2018款 3.0 SC V6 Vogue 传世版,3.01, 2019,2019-11,2023-11,2023-11,105.9,中大型SUV,红/紫色,前置四驱, 2019 
兰德酷路泽(进口) 2019款 4.0L 中东版,3.3, 2020,2020-03,2024-03,2024-03,81.8,中大型SUV,白色,前置四驱, 2020 
传祺M8 2021款 领秀系列 390T 尊贵版,4.9, 2021,2021-04,2025-04,2024-04,19.98,中大型车,黑色,前置前驱, 2021 
高尔夫 2017款 1.6L 自动舒适百万辆纪念版,6, 2017,2017-06,2023-06,2023-06,7.5,紧凑型车,白色,前置前驱, 2017 
兰德酷路泽(进口) 2012款 中东版,16.8, 2011,2011-02,2024-02,2024-02,45.8,中大型SUV,绿色,前置四驱, 2011 
探险者 2020款 EcoBoost 285 四驱风尚版 6座,3.8, 2021,2021-02,2025-02,2024-02,26.58,中大型SUV,白色,前置四驱, 2021 
凯路威 2016款 2.0TSI 两驱舒适版 9座,8.9, 2017,2017-08,2023-08,2023-08,24.2,中大型SUV,黑色,前置前驱, 2017 
别克GL8 2020款 ES陆尊 653T 舒适型,7.1, 2021,2021-01,2025-01,2024-01,29.6,中大型车,白色,前置前驱, 2021 
奔驰E级 2020款 改款 E 300 L 时尚型,5.1, 2020,2020-05,2024-05,2023-05,37.98,中大型车,黑色,前置后驱, 2020 
普拉多 2014款 4.0L 自动VX NAVI,7.7, 2014,2014-08,2023-08,2023-08,46.8,中大型SUV,白色,前置四驱, 2014 
奔驰S级 2019款 S 350 L 豪华型,5.29, 2019,2019-08,2023-08,2023-08,72.5,大型车,黑色,前置后驱, 2019 
迈锐宝 2018款 530T 自动豪华版,8.5, 2018,2018-05,2024-05,2023-05,6.68,中型车,白色,前置前驱, 2018 
奥迪Q3 2018款 30周年年型 30 TFSI 时尚型,7.3, 2018,2018-12,2024-12,2023-12,12.5,紧凑型SUV,香槟/棕色,前置前驱, 2018 
途乐Y62 2020款 4.0L 中东版,1.6, 2020,2020-12,2024-12,2023-12,44.5,大型SUV,白色,前置四驱, 2020 
凌渡 2019款 230TSI DSG风尚版 国VI,5.3, 2020,2020-01,2024-01,2024-01,10.38,紧凑型车,白色,前置前驱, 2020 
领克02 2019款 1.5T DCT两驱耀版 国VI,3.9, 2020,2020-03,2024-03,2024-03,9.9,紧凑型SUV,白色,前置前驱, 2020 
宝马3系 2018款 320Li xDrive 时尚型,5.02, 2018,2018-09,2024-09,2023-09,19.3,中型车,白色,前置四驱, 2018 
MINI 2014款 1.5T COOPER Fun,4.4, 2015,2015-01,2024-01,2024-01,9.98,小型车,白色,前置前驱, 2015 
别克GL8 2017款 ES 28T 豪华型 国V,11.2, 2017,2017-12,2023-12,2023-12,19.38,中大型车,白色,前置前驱, 2017 
宝马X3 2020款 xDrive25i M运动套装,1.83, 2020,2020-07,2024-07,2023-07,29.9,中型SUV,白色,前置四驱, 2020 
途观 2015款 1.8TSI 自动四驱豪华型,8.58, 2014,2014-09,2023-09,2023-09,8.68,紧凑型SUV,白色,前置四驱, 2014 
红旗HS7 2021款 2.0T DCT两驱智联旗享版,3.57, 2021,2021-05,2023-05,2023-05,18.98,中大型SUV,黑色,前置后驱, 2021 
Panamera 2010款 Panamera Turbo 4.8T,5.27, 2010,2010-06,2023-06,2023-06,43.0,大型车,银/灰色,前置四驱, 2010 
宝马3系GT 2019款 320i 时尚型,3.17, 2019,2019-02,2025-02,2024-02,19.0,中型车,白色,前置后驱, 2019 
发现运动版新能源 2022款 P300e 性能科技版,1.3,未上牌,,,,26.6,中型SUV,香槟/棕色,前置四驱,未上牌
迈腾 2019款 330TSI DSG 豪华型 国VI,7.8, 2020,2020-02,2024-02,2024-02,16.38,中型车,黑色,前置前驱, 2020 
Macan 2018款 Macan 2.0T,2.95, 2019,2019-02,2025-02,2024-02,43.9,中型SUV,香槟/棕色,前置四驱, 2019 
高尔夫 2019款 280TSI DSG舒适型 国VI,7, 2019,2019-10,2023-10,2023-10,9.88,紧凑型车,白色,前置前驱, 2019 
轩逸 2021款 1.6L XL CVT悦享版,3.5, 2021,2021-05,2023-05,2023-05,9.98,紧凑型车,白色,前置前驱, 2021 
汉兰达 2018款 2.0T 四驱尊贵版 7座 国V,7.3, 2019,2019-08,2023-08,2023-08,24.3,中型SUV,白色,前置四驱, 2019 
马自达3 昂克赛拉 2021款 2.0L 自动质炫版,2.3, 2021,2021-10,2023-10,2023-10,10.9,紧凑型车,银/灰色,前置前驱, 2021 
本田CR-V 2013款 2.0L 四驱经典版,9.2, 2013,2013-07,2023-07,2023-07,9.88,紧凑型SUV,白色,前置四驱, 2013 
揽胜 2023款 4.4 V8 530PS 首发版,0.6, 2022,2022-07,2024-07,2023-07,276.8,中大型SUV,香槟/棕色,前置四驱, 2022 
高尔夫 2020款 280TSI DSG舒适型,4.1, 2020,2020-08,2024-08,2023-08,10.8,紧凑型车,白色,前置前驱, 2020 
思域 2019款 220TURBO CVT燃动版 国V,6.3, 2020,2020-03,2024-03,2024-03,10.5,紧凑型车,红/紫色,前置前驱, 2020 
朗逸 2018款 280TSI DSG舒适版 国V,5.7, 2019,2019-06,2023-06,2023-06,8.98,紧凑型车,白色,前置前驱, 2019 
路虎卫士 2020款 110 P400 暗黑特别版,4.2, 2020,2020-06,2024-06,2023-06,77.8,中大型SUV,香槟/棕色,前置四驱, 2020 
一汽-大众CC 2013款 1.8TSI 豪华型,14, 2014,2014-07,2023-07,2023-07,9.38,中型车,白色,前置前驱, 2014 
北汽新能源EC3 2019款 灵动版,0.8, 2020,2020-10,2024-10,2023-10,4.98,微型车,白色,前置前驱, 2020 
科鲁兹 2016款 1.5L 自动豪华版,6.6, 2015,2015-05,2023-05,2023-05,4.98,紧凑型车,白色,前置前驱, 2015 
帕杰罗(进口) 2019款 3.8L 中东版,7, 2020,2020-11,2024-11,2023-11,27.6,中大型SUV,黑色,前置四驱, 2020 
傲旋 2022款 2.0T AUXUN傲旋大白鲨,2.3, 2021,2021-06,2023-06,2023-06,69.8,紧凑型SUV,黑色,前置前驱, 2021 
坦克300 2021款 越野版 2.0T 征服者,5.2, 2021,2021-01,2025-01,2024-01,20.9,紧凑型SUV,黄/橙色,前置四驱, 2021 
凯美瑞 2021款 双擎 2.5HG 豪华版,5, 2021,2021-03,2023-03,2023-03,18.98,中型车,白色,前置前驱, 2021 
奔驰E级 2017款 E 200 运动型,3.07, 2017,2017-03,2024-03,2024-03,25.9,中大型车,白色,前置后驱, 2017 
宝马5系 2018款 改款 530Li 领先型 豪华套装,9.8, 2018,2018-07,2024-07,2023-07,25.9,中大型车,白色,前置后驱, 2018 
揽胜极光 2015款 2.0T 五门锐动版,8.2, 2016,2016-06,2023-06,2023-06,15.46,中型SUV,白色,前置四驱, 2016 
小蚂蚁 2018款 400 4座智享版,4.1, 2018,2018-09,2024-09,2023-09,3.98,微型车,蓝色,后置后驱, 2018 
Sprinter 2019款 3.5L 自动,3.9, 2019,2019-09,2023-09,2023-09,55.8,中大型SUV,黑色,前置后驱, 2019 
宝马1系进口 2013款 改款 116i 领先型,11, 2013,2013-07,2023-07,2023-07,7.38,紧凑型车,白色,前置后驱, 2013 
沃尔沃S60 2023款 B4 智逸豪华版,0.26, 2022,2022-08,2024-08,2023-08,21.3,中型车,香槟/棕色,前置前驱, 2022 
坦克300 2021款 越野版 2.0T 征服者,2.7, 2022,2022-01,2024-01,2024-01,20.66,紧凑型SUV,黑色,前置四驱, 2022 
帝豪新能源 2017款 EV300 精英型,11.3, 2017,2017-12,2023-12,2023-12,3.98,紧凑型车,白色,前置前驱, 2017 
奔驰G级 2022款 G 500,0.7, 2022,2022-05,2024-05,2023-05,229.8,中大型SUV,银/灰色,前置四驱, 2022 
奥迪A6进口 2015款 3.0T allroad quattro,11.3, 2016,2016-01,2024-01,2024-01,23.8,中大型车,白色,前置四驱, 2016 
雷克萨斯LM 2020款 300h 七座隽雅版,1.5, 2021,2021-07,2023-07,2023-07,143.8,中大型车,黑色,前置四驱, 2021 
RAV4荣放 2022款 双擎 2.5L E-CVT两驱精英版,1.6, 2021,2021-03,2025-03,2024-03,18.5,紧凑型SUV,白色,前置前驱, 2021 
英菲尼迪G系 2013款 G25 Sedan 豪华运动版,11.9, 2014,2014-03,2024-03,2024-03,8.98,中型车,白色,前置后驱, 2014 
途锐 2019款 3.0TSI 锐锋版 国V,1.92, 2020,2020-01,2024-01,2024-01,48.5,中大型SUV,黑色,前置四驱, 2020 
奥迪RS 6 2018款 RS 6 4.0T Avant尊享运动限量版,4.3, 2018,2018-11,2024-11,2023-11,81.8,中大型车,银/灰色,前置四驱, 2018 
凯美瑞 2018款 2.0G 豪华版,11, 2018,2018-08,2024-08,2023-08,11.98,中型车,黑色,前置前驱, 2018 
甲壳虫 2014款 1.2TSI 时尚型,8, 2016,2016-03,2024-03,2024-03,9.94,紧凑型车,红/紫色,前置前驱, 2016 
宝马5系 2022款 530Li 领先型 M运动套装,1.9, 2022,2022-10,2024-10,2023-10,41.69,中大型车,白色,前置后驱, 2022 
雷克萨斯GX 2022款 4.6L 美规版,0.47, 2022,2022-10,2024-10,2023-09,96.9,中大型SUV,白色,前置四驱, 2022 
雷克萨斯GX 2021款 460 美规版,0.44, 2023,2023-01,2025-01,2024-01,95.9,中大型SUV,白色,前置四驱, 2023 
宝马4系 2022款 430i Gran Coupe M运动曜夜套装,0.03, 2023,2023-03,2025-03,2024-03,47.5,中型车,白色,前置后驱, 2023 
宝马5系 2021款 525Li 豪华套装,4.38, 2021,2021-01,2025-01,2024-01,34.98,中大型车,白色,前置后驱, 2021 
宝马X3 2018款 xDrive30i 领先型 M运动套装 国V,7.58, 2019,2019-03,2025-03,2024-03,27.98,中型SUV,蓝色,前置四驱, 2019 
宝马3系 2017款 320Li 时尚型,5, 2017,2017-06,2023-06,2023-06,15.98,中型车,绿色,前置后驱, 2017 
途昂 2022款 380TSI 四驱尊崇豪华版,1.7, 2022,2022-05,2024-05,2023-05,29.98,中大型SUV,黑色,前置四驱, 2022 
牧马人 2022款 2.0T 高地四门版,1.2, 2022,2022-02,2024-02,2024-02,44.7,中型SUV,银/灰色,前置四驱, 2022 
揽胜 2017款 3.0T 美规版,9.97, 2018,2018-11,2024-11,2023-11,79.8,中大型SUV,白色,前置四驱, 2018 
赛那SIENNA 2021款 2.5L混动 铂金版,0.66, 2023,2023-02,2025-02,2024-02,43.5,中大型车,白色,前置前驱, 2023 
奥迪Q7 2021款 45 TFSI quattro S line运动型,5.29, 2021,2021-03,2025-03,2024-03,49.9,中大型SUV,黑色,前置四驱, 2021 
宝马X6 2022款 改款二 xDrive40i 尊享型 M运动套装,0.25, 2023,2023-01,2025-01,2024-01,81.9,中大型SUV,黑色,前置四驱, 2023 
Mustang 2020款 2.3T 欧规版,0.19, 2022,2022-07,2024-07,2023-07,27.5,跑车,红/紫色,前置后驱, 2022 
FJ 酷路泽 2018款 4.0L 中东版,4.48, 2019,2019-07,2023-07,2023-07,44.8,中型SUV,蓝色,前置四驱, 2019 
奥迪A8 2021款 A8L 50 TFSI quattro 舒适型,3.83, 2021,2021-07,2023-07,2023-07,61.9,大型车,黑色,前置四驱, 2021 
航海家 2021款 2.7T 四驱尊耀版,2.1, 2021,2021-10,2023-10,2023-10,31.5,中型SUV,黑色,前置四驱, 2021 
兰德酷路泽(进口) 2017款 4.0L 中东版,6.28, 2017,2017-05,2023-05,2023-05,63.8,中大型SUV,黑色,前置四驱, 2017 
途乐 2018款 4.0L 领英型,8, 2020,2020-01,2024-01,2024-01,35.5,大型SUV,白色,前置四驱, 2020 
普拉多 2010款 4.0L 自动VX NAVI,18.8, 2011,2011-12,2023-12,2023-12,32.3,中大型SUV,白色,前置四驱, 2011 
揽胜 2023款 3.0 L6 400PS 盛世加长版,0.17, 2022,2022-07,2024-07,2023-06,179.9,中大型SUV,黑色,前置四驱, 2022 
宝马3系 2020款 325Li M运动套装,4, 2020,2020-12,2024-12,2023-12,24.59,中型车,蓝色,前置后驱, 2020 
传祺M8 2020款 领航款 390T 尊贵版,5.7, 2020,2020-05,2024-05,2023-05,16.8,中大型车,黑色,前置前驱, 2020 
奥迪Q5L Sportback 2022款 45 TFSI 豪华型,1.27, 2022,2022-08,2024-08,2023-08,34.3,中型SUV,银/灰色,前置四驱, 2022 
宝马7系 2019款 改款 740Li 领先型 M运动套装,3.64, 2020,2020-09,2024-09,2023-09,68.5,大型车,黑色,前置后驱, 2020 
奥迪A8 2022款 A8L 55 TFSI quattro 豪华型典藏版,0.51, 2022,2022-03,2024-03,2024-03,81.9,大型车,黑色,前置四驱, 2022 
途乐Y62 2020款 4.0L 中东版,2.95, 2020,2020-07,2024-07,2023-07,47.5,大型SUV,白色,前置四驱, 2020 
途乐Y62 2020款 4.0L 中东版,4.58, 2020,2020-11,2024-11,2024-01,44.5,大型SUV,白色,前置四驱, 2020 
保时捷718 2020款 Boxster 2.0T,2.5, 2021,2021-08,2023-08,2023-08,60.9,跑车,白色,中置后驱, 2021 
宝马X3 2019款 xDrive28i 豪华套装,8.4, 2019,2019-07,2023-07,2023-07,27.39,中型SUV,白色,前置四驱, 2019 
宝马X5 M 2015款 X5 M,4.7, 2018,2018-04,2024-04,2024-04,62.8,中大型SUV,银/灰色,前置四驱, 2018 
揽胜 2021款 3.0T 欧规版,3.65, 2022,2022-01,2024-01,2024-01,164.8,中大型SUV,黑色,前置四驱, 2022 
奥迪A8 2022款 A8L 50 TFSI quattro 豪华型典藏版,0.85, 2022,2022-04,2024-04,2023-05,73.8,大型车,黑色,前置四驱, 2022 
雷克萨斯GX 2019款 4.6L 中东版,3.34, 2019,2019-06,2023-06,2023-06,76.9,中大型SUV,银/灰色,前置四驱, 2019 
赛那SIENNA 2021款 2.5L混动 铂金版,1.44, 2022,2022-03,2024-03,2024-03,40.28,中大型车,蓝色,前置前驱, 2022 
路虎卫士 2022款 110 P400 暗黑特别版,1.88, 2022,2022-01,2024-01,2024-01,89.8,中大型SUV,银/灰色,前置四驱, 2022 
奥迪Q7 2021款 45 TFSI quattro S line运动型,0.4, 2021,2021-07,2023-07,2023-07,55.6,中大型SUV,黑色,前置四驱, 2021 
牧马人 2021款 2.0T 罗宾汉四门版,0.67, 2022,2022-01,2024-01,2023-05,53.8,中型SUV,银/灰色,前置四驱, 2022 
宝马X6 2021款 xDrive30i M运动套装,1.95, 2021,2021-03,2025-03,2024-03,61.0,中大型SUV,白色,前置四驱, 2021 
奔驰GLE 2021款 2.0T 美规版,1.59, 2022,2022-03,2024-03,2024-03,69.9,中大型SUV,黑色,前置四驱, 2022 
Panamera 2021款 Panamera 2.9T,1.12, 2022,2022-02,2024-02,2024-02,119.9,大型车,银/灰色,前置后驱, 2022 
别克GL8 2022款 ES陆尊 653T 旗舰型,2.84, 2022,2022-11,2024-11,2023-11,37.9,中大型车,白色,前置前驱, 2022 
宝马X6 2021款 xDrive40i M运动套装,2.33, 2022,2022-01,2024-01,2024-01,69.8,中大型SUV,蓝色,前置四驱, 2022 
保时捷911 2020款 Carrera 3.0T,1.15, 2021,2021-08,2023-08,2023-08,119.0,跑车,白色,后置后驱, 2021 
高合HiPhi X 2021款 旗舰版6座,1.68, 2021,2021-12,2023-12,2023-12,44.9,中大型SUV,黄/橙色,双电机四驱, 2021 
奔驰V级 2020款 V 260 尊贵版,2.8, 2021,2021-01,2025-01,2024-01,46.5,中大型SUV,黑色,前置后驱, 2021 
帕杰罗(进口)V97 2018款 3.8L 中东版,7.5, 2018,2018-07,2024-07,2023-04,24.9,中大型SUV,白色,前置四驱, 2018 
发现 2023款 改款 360PS R-Dynamic S,0.01, 2023,2023-03,2025-03,2023-05,66.9,中大型SUV,白色,前置四驱, 2023 
奥迪Q7 2021款 45 TFSI quattro S line运动型,1.8, 2021,2021-07,2023-07,2023-07,52.9,中大型SUV,黑色,前置四驱, 2021 
奥迪A6L 2019款 45 TFSI 臻选动感型,4.9, 2019,2019-11,2023-11,2023-11,30.9,中大型车,黑色,前置前驱, 2019 
雷克萨斯LX 2019款 570 尊贵豪华版,2.9, 2020,2020-01,2024-01,2024-01,169.9,大型SUV,白色,前置四驱, 2020 
宝马X5进口 2021款 改款 xDrive40i 尊享型 M运动套装,3.04, 2021,2021-09,2023-09,2023-09,71.9,中大型SUV,蓝色,前置四驱, 2021 
奔驰GLE 2020款 改款 GLE 350 4MATIC 时尚型,3.7, 2020,2020-05,2024-05,2023-05,62.3,中大型SUV,黑色,前置四驱, 2020 
雷克萨斯LX 2019款 570 动感豪华版,2.68, 2019,2019-05,2023-05,2023-05,152.5,大型SUV,黑色,前置四驱, 2019 
奥迪Q7 2021款 45 TFSI quattro S line运动型,2.35, 2021,2021-04,2023-04,2023-04,51.9,中大型SUV,黑色,前置四驱, 2021 
宝马6系GT 2021款 改款 630i M运动套装,0.42, 2023,2023-02,2025-02,2023-12,53.9,中大型车,白色,前置后驱, 2023 
奥迪A6L 2021款 45 TFSI 臻选致雅型,4.7, 2021,2021-09,2023-09,2023-09,33.5,中大型车,黑色,前置前驱, 2021 
牧马人 2019款 2.0T Sahara 四门版 国V,2, 2020,2020-01,2024-01,2023-11,40.9,中型SUV,银/灰色,前置四驱, 2020 
奔驰GLE 2021款 GLE 350 4MATIC 动感型,2.8, 2021,2021-01,2025-01,2024-01,62.3,中大型SUV,黑色,前置四驱, 2021 
牧马人 2021款 2.0T 撒哈拉四门版,3.8, 2021,2021-05,2023-05,2023-05,41.9,中型SUV,银/灰色,前置四驱, 2021 
角斗士 2022款 3.6L 先行版,0.01, 2023,2023-03,2025-03,2023-03,44.9,皮卡,红/紫色,前置四驱, 2023 
角斗士 2022款 3.6L 先行版,0.01, 2023,2023-03,2025-03,2023-03,43.9,皮卡,红/紫色,前置四驱, 2023 
沃尔沃XC90 2021款 B5 智行豪华版 7座,4.4, 2021,2021-04,2023-04,2023-03,41.9,中大型SUV,黑色,前置四驱, 2021 
揽胜 2022款 3.0 L6 400PS 传世加长经典版,1.46, 2022,2022-01,2024-01,2024-01,143.8,中大型SUV,蓝色,前置四驱, 2022 
揽胜 2020款 3.0 L6 传世版,2.1, 2021,2021-01,2025-01,2024-01,120.8,中大型SUV,白色,前置四驱, 2021 
宝马5系 2022款 改款 530Li 领先型 M运动套装,0.78, 2022,2022-01,2024-01,2024-01,40.9,中大型车,白色,前置后驱, 2022 
奥迪Q7 2013款 35 TFSI 进取型,16.65, 2013,2013-03,2023-03,2023-03,18.38,中大型SUV,黑色,前置四驱, 2013 
宝马X5 M 2020款 X5 M,1.6, 2021,2021-02,2025-02,2024-02,109.0,中大型SUV,银/灰色,前置四驱, 2021 
宝马X5进口 2022款 xDrive30i M运动套装,0.6, 2022,2022-02,2024-02,2024-02,60.9,中大型SUV,白色,前置四驱, 2022 
路虎卫士 2020款 110 P400 HSE,1.7, 2020,2020-07,2024-07,2023-07,77.0,中大型SUV,香槟/棕色,前置四驱, 2020 
唐新能源 2021款 DM-i 112KM 尊荣型,2.3, 2021,2021-10,2023-10,2023-10,16.98,中型SUV,银/灰色,前置前驱, 2021 
宝马3系 2020款 改款 325i M运动曜夜套装,2.8, 2020,2020-09,2024-09,2023-09,25.78,中型车,蓝色,前置后驱, 2020 
途昂 2017款 380TSI 四驱旗舰版,11, 2017,2017-11,2023-11,2023-11,18.98,中大型SUV,白色,前置四驱, 2017 
奔驰GLA 2022款 GLA 200,1.58, 2021,2021-10,2023-10,2023-10,21.68,紧凑型SUV,白色,前置前驱, 2021 
哈弗H6 2018款 蓝标 运动版 1.5T 自动两驱精英型,5.4, 2019,2019-04,2025-04,2024-04,6.98,紧凑型SUV,黑色,前置前驱, 2019 
迈锐宝XL 2020款 535T CVT锐动版,3.4, 2021,2021-04,2025-04,2024-04,9.38,中型车,银/灰色,前置前驱, 2021 
奔驰C级 2022款 C 200 L 运动版,1.9, 2022,2022-03,2024-03,2024-03,27.98,中型车,白色,前置后驱, 2022 
奥迪A4L 2017款 Plus 40 TFSI 时尚型,6.01, 2017,2017-06,2023-06,2023-06,16.2,中型车,香槟/棕色,前置前驱, 2017 
海豚 2021款 405km 时尚版,1.9, 2022,2022-02,2024-02,2024-02,9.2,小型车,银/灰色,前置前驱, 2022 
兰德酷路泽(进口) 2019款 4.0L 中东版,5.7, 2019,2019-07,2023-07,2023-07,67.88,中大型SUV,白色,前置四驱, 2019 
凯迪拉克XTS 2018款 28T 技术型,5.7, 2019,2019-03,2025-03,2024-03,16.5,中大型车,黑色,前置前驱, 2019 
昂科威 2016款 20T 两驱领先型,12.5, 2015,2015-10,2023-10,2023-10,7.6,中型SUV,红/紫色,前置前驱, 2015 
领克02 2018款 1.5T DCT两驱耀Pro版 国V,4, 2018,2018-08,2024-08,2023-08,8.18,紧凑型SUV,银/灰色,前置前驱, 2018 
途乐 2018款 4.0L 领英型,10, 2017,2017-06,2023-06,2023-06,30.2,大型SUV,白色,前置四驱, 2017 
本田XR-V 2015款 1.8L VTi CVT豪华版,4, 2016,2016-10,2023-10,2023-10,8.68,小型SUV,蓝色,前置前驱, 2016 
柯迪亚克 2017款 TSI330 5座两驱豪华版,9.4, 2017,2017-06,2023-06,2023-06,9.88,中型SUV,白色,前置前驱, 2017 
埃尔法 2015款 3.5L 尊贵版,9, 2016,2016-08,2023-08,2023-08,68.68,中型SUV,白色,前置前驱, 2016 
宝马X1 2020款 sDrive25Li 领先型,3, 2021,2021-07,2023-07,2023-07,20.28,紧凑型SUV,蓝色,前置前驱, 2021 
奥迪A6L 2022款 45 TFSI 臻选动感型,4.4, 2022,2022-02,2024-02,2024-02,34.98,中大型车,黑色,前置前驱, 2022 
奔驰S级 2022款 S 450 L 4MATIC,0.9, 2021,2021-12,2023-12,2023-12,111.9,大型车,黑色,前置四驱, 2021 
帕萨特 2017款 330TSI DSG尊荣版,5.9, 2018,2018-04,2024-04,2024-04,11.6,中型车,黑色,前置前驱, 2018 
发现 2020款 3.0 SC V6 30周年特别版,1.9, 2021,2021-01,2025-01,2024-01,52.98,中大型SUV,银/灰色,前置四驱, 2021 
宝来 2018款 1.5L 自动时尚型,9, 2017,2017-11,2023-11,2023-11,6.5,紧凑型车,白色,前置前驱, 2017 
福克斯 2012款 两厢 1.6L 自动风尚型,10, 2014,2014-06,2023-06,2023-06,2.98,紧凑型车,黄/橙色,前置前驱, 2014 
马自达3 昂克赛拉 2016款 三厢 1.5L 自动豪华型,11, 2016,2016-08,2023-08,2023-08,6.8,紧凑型车,银/灰色,前置前驱, 2016 
宝骏510 2017款 1.5L 自动豪华型,3.6, 2018,2018-04,2024-04,2024-04,4.78,小型SUV,黄/橙色,前置前驱, 2018 
英朗 2017款 15N 自动精英型,9.4, 2017,2017-09,2023-09,2023-09,5.58,紧凑型车,白色,前置前驱, 2017 
索兰托 2013款 2.4L 7座汽油豪华版 国V,13, 2013,2013-08,2023-08,2023-08,6.88,中型SUV,蓝色,前置四驱, 2013 
Cayenne 2011款 Cayenne S 4.8L,16.3, 2013,2013-01,2024-01,2024-01,29.8,中大型SUV,香槟/棕色,前置四驱, 2013 
锐界 2018款 EcoBoost 245 四驱豪锐型 7座,8.8, 2018,2018-02,2024-02,2024-02,15.98,中型SUV,白色,前置四驱, 2018 
帕萨特 2017款 330TSI DSG尊荣版,8.7, 2018,2018-03,2024-03,2024-03,11.98,中型车,黑色,前置前驱, 2018 
宝马1系 2021款 125i M运动曜夜版,1.3, 2022,2022-03,2024-03,2024-03,16.68,紧凑型车,白色,前置前驱, 2022 
宝马X5(进口) 2015款 X5 美规版,10.7, 2016,2016-03,2023-03,2023-03,30.88,中大型SUV,白色,前置四驱, 2016 
奕泽E进擎 2020款 E·智享版,2.6, 2021,2021-01,2025-01,2024-01,11.58,小型SUV,白色,前置前驱, 2021 
东风本田X-NV 2020款 电掣版,4.2, 2019,2019-11,2023-11,2023-11,8.48,小型SUV,红/紫色,前置前驱, 2019 
捷豹XEL 2021款 2.0T 250PS R-DYNAMIC S进取运动版,0.74, 2021,2021-09,2023-09,2023-09,20.68,中型车,绿色,前置后驱, 2021 
奔驰GLK级 2014款 GLK 260 4MATIC 动感型,9.1, 2014,2014-12,2023-12,2023-12,13.38,中型SUV,白色,前置四驱, 2014 
宝马5系 2013款 525Li 豪华型,7.3, 2013,2013-03,2024-03,2024-03,15.8,中大型车,黑色,前置后驱, 2013 
普拉多(进口) 2014款 中东版,15, 2015,2015-02,2024-02,2024-02,27.48,中大型SUV,白色,前置四驱, 2015 
MINI 2021款 1.5T COOPER 经典派 五门版,2.4, 2021,2021-01,2025-01,2024-01,17.68,小型车,银/灰色,前置前驱, 2021 
奔驰GLC 2018款 GLC 260 4MATIC 豪华型,6.8, 2018,2018-01,2024-01,2024-01,22.8,中型SUV,白色,前置四驱, 2018 
奔驰E级 2019款 E 300 L 运动时尚型,8.1, 2019,2019-03,2025-03,2024-03,33.98,中大型车,黑色,前置后驱, 2019 
奔驰E级进口 2009款 E 300 优雅型,9, 2010,2010-05,2024-05,2024-05,8.5,中大型车,黑色,前置后驱, 2010 
别克GL8 2018款 28T 豪华型 国VI,8.4, 2020,2020-01,2024-01,2024-01,18.38,中大型车,香槟/棕色,前置前驱, 2020 
凯路威 2019款 2.0TSI 四驱舒适版 7座,6.8, 2019,2019-06,2023-06,2023-06,28.98,中大型SUV,黑色,前置四驱, 2019 
奔驰GLC 2020款 改款 GLC 260 L 4MATIC 动感型,2.8, 2020,2020-06,2024-06,2023-06,32.9,中型SUV,黑色,前置四驱, 2020 
奔驰C级进口 2018款 C 200 轿跑车,5.1, 2018,2018-09,2024-09,2023-09,23.8,中型车,红/紫色,前置后驱, 2018 
奔驰E级进口 2010款 E 200 CGI 优雅型,12, 2010,2010-12,2023-12,2023-12,5.98,中大型车,银/灰色,前置后驱, 2010 
MINI 2018款 1.5T ONE PLUS 五门版,1.8, 2019,2019-01,2025-01,2024-01,15.98,小型车,黄/橙色,前置前驱, 2019 
奔驰GLE 2021款 GLE 450 4MATIC 动感型,4.3, 2021,2021-09,2023-09,2023-09,73.8,中大型SUV,黑色,前置四驱, 2021 
奔驰GLA 2016款 GLA 200 动感型,8.9, 2016,2016-07,2023-07,2023-07,11.38,紧凑型SUV,白色,前置前驱, 2016 
凯迪拉克XTS 2018款 28T 技术型,6.6, 2019,2019-04,2025-04,2024-04,16.3,中大型车,白色,前置前驱, 2019 
传祺M8 2021款 大师系列 390T 至尊版,4.1, 2021,2021-08,2023-08,2023-08,19.8,中大型车,蓝色,前置前驱, 2021 
途观L 2022款 330TSI 自动两驱R-Line越享版,2, 2022,2022-02,2024-02,2024-02,18.98,中型SUV,白色,前置前驱, 2022 
宝马5系新能源 2021款 535Le 豪华套装,1.6, 2021,2021-07,2023-07,2023-07,34.98,中大型车,白色,前置后驱, 2021 
世纪 2023款 2.0T 四座私享版,0.7, 2023,2023-02,2025-02,2024-02,70.98,大型车,黑色,前置前驱, 2023 
奥迪A4L 2016款 35 TFSI 自动舒适型,12.4, 2016,2016-01,2024-01,2024-01,10.98,中型车,白色,前置前驱, 2016 
帕萨特 2014款 1.8TSI DSG御尊版,11, 2015,2015-02,2024-02,2024-02,8.2,中型车,黑色,前置前驱, 2015 
奔驰GLK级 2015款 GLK 260 4MATIC 动感型 极致版,8.5, 2015,2015-03,2024-03,2024-03,15.38,中型SUV,白色,前置四驱, 2015 
奔驰M级 2010款 ML 300 4MATIC,8.88, 2010,2010-11,2023-11,2023-11,8.88,中大型SUV,黑色,前置四驱, 2010 
逸动 2019款 高能版 1.6L GDI 自动先锋型 国VI,5, 2019,2019-10,2023-10,2023-10,5.4,紧凑型车,白色,前置前驱, 2019 
Polo 2014款 1.6L Cross Polo 自动,7.3, 2015,2015-11,2023-11,2023-11,5.5,小型车,香槟/棕色,前置前驱, 2015 
高尔夫 2017款 1.6L 自动舒适百万辆纪念版,4.2, 2017,2017-08,2023-08,2023-08,7.7,紧凑型车,香槟/棕色,前置前驱, 2017 
宝马5系 2017款 525Li 豪华设计套装,7, 2017,2017-06,2023-06,2023-06,25.1,中大型车,白色,前置后驱, 2017 
福克斯 2012款 两厢 1.6L 自动风尚型,11, 2015,2015-07,2023-07,2023-07,5.22,紧凑型车,白色,前置前驱, 2015 
途观 2013款 1.8TSI 自动四驱豪华型,12, 2013,2013-12,2023-12,2023-12,7.88,紧凑型SUV,白色,前置四驱, 2013 
领动 2016款 1.6L 自动智炫·精英型,5.7, 2018,2018-02,2024-02,2024-02,6.5,紧凑型车,白色,前置前驱, 2018 
雷凌 2017款 改款 185T CVT精英版 国V,8, 2019,2019-03,2025-03,2024-03,7.6,紧凑型车,白色,前置前驱, 2019 
宝马3系 2023款 320Li M运动套装,0.27, 2023,2023-02,2025-02,2024-02,28.58,中型车,白色,前置后驱, 2023 
名图 2017款 1.8L 自动智能型GLS 国V,8, 2018,2018-04,2024-04,2024-04,7.3,中型车,白色,前置前驱, 2018 
朗逸 2018款 1.5L 自动舒适版 国V,4.5, 2018,2018-07,2024-07,2023-07,8.1,紧凑型车,红/紫色,前置前驱, 2018 
宝马3系 2018款 320Li xDrive 时尚型,6.3, 2018,2018-07,2024-07,2023-07,18.3,中型车,银/灰色,前置四驱, 2018 
奔驰GLK级 2013款 改款 GLK 300 4MATIC 时尚型,11, 2014,2014-06,2023-06,2023-06,13.66,中型SUV,银/灰色,前置四驱, 2014 
奔驰C级 2022款 C 260 L 运动版,0.5, 2022,2022-11,2024-11,2023-11,30.3,中型车,白色,前置后驱, 2022 
奔驰C级 2018款 C 180 L 时尚型运动版,11.4, 2017,2017-12,2023-12,2023-12,14.8,中型车,白色,前置后驱, 2017 
兰德酷路泽(进口) 2020款 4.0L 中东版,3.4, 2020,2020-05,2024-05,2023-05,74.8,中大型SUV,白色,前置四驱, 2020 
捷豹I-PACE 2020款 EV400 HSE,0.6, 2021,2021-09,2023-09,2023-09,25.8,中型SUV,白色,双电机四驱, 2021 
奔驰E级 2021款 E 300 L 时尚型,3.46, 2021,2021-03,2023-03,2023-03,42.98,中大型车,黑色,前置后驱, 2021 
奔驰E级 2019款 E 260 L 运动型,6, 2019,2019-10,2023-10,2022-10,30.58,中大型车,白色,前置后驱, 2019 
奔驰V级 2021款 V 260 L 长轴距豪华版,0.4, 2021,2021-11,2023-11,2022-11,54.6,中大型SUV,黑色,前置后驱, 2021 
奔驰E级 2017款 E 200 运动型 4MATIC,3.9, 2018,2018-01,2024-01,2023-01,26.88,中大型车,黑色,前置四驱, 2018 
奔驰E级 2021款 改款 E 300 L 时尚型,2.2, 2021,2021-04,2023-04,2023-04,43.98,中大型车,黑色,前置后驱, 2021 
奔驰C级 2020款 改款 C 260 L 运动版,4.5, 2020,2020-09,2024-09,2023-09,25.98,中型车,白色,前置后驱, 2020 
奔驰V级 2020款 V 260 L 长轴距豪华版,2.5, 2020,2020-12,2024-12,2023-12,48.9,中大型SUV,黑色,前置后驱, 2020 
别克GL8 2023款 ES陆尊 舒适型,0.01, 2023,2023-05,2025-05,2023-05,35.98,中大型车,白色,前置前驱, 2023 
奔驰C级AMG 2010款 AMG C 63 动感型增强版,5.7, 2011,2011-11,2023-11,2023-11,26.8,中型车,黑色,前置后驱, 2011 
别克GL8 2018款 ES 28T 舒适型 国VI,13, 2020,2020-03,2024-03,2024-03,22.38,中大型车,白色,前置前驱, 2020 
思域 2019款 220TURBO CVT劲动版 国V,1.7, 2022,2022-01,2024-01,2024-01,11.98,紧凑型车,白色,前置前驱, 2022 
雨燕 2009款 1.3L 自动超值版,10, 2010,2010-10,2023-10,2023-10,2.3,小型车,银/灰色,前置前驱, 2010 
骐达TIIDA 2016款 1.6L CVT酷动版,6.9, 2018,2018-05,2024-05,2023-05,7.3,紧凑型车,白色,前置前驱, 2018 
蓝鸟 2016款 1.6L CVT炫酷版,6, 2017,2017-12,2023-12,2023-12,6.6,紧凑型车,白色,前置前驱, 2017 
奔驰GLA 2019款 GLA 200 时尚型,3.6, 2019,2019-03,2025-03,2024-03,15.98,紧凑型SUV,白色,前置前驱, 2019 
奔驰C级 2020款 C 260 L 运动版,4.5, 2020,2020-06,2024-06,2023-06,23.58,中型车,蓝色,前置后驱, 2020 
奔驰GLC 2018款 GLC 260 4MATIC 豪华型,8.8, 2017,2017-11,2023-11,2023-11,22.3,中型SUV,白色,前置四驱, 2017 
锐界 2018款 EcoBoost 245 两驱豪锐型 7座 国V,6, 2019,2019-06,2023-06,2023-06,16.8,中型SUV,黑色,前置前驱, 2019 
奔驰GLA 2018款 GLA 200 时尚型,3, 2019,2019-06,2023-06,2023-06,14.88,紧凑型SUV,红/紫色,前置前驱, 2019 
奔驰GLC 2021款 GLC 260 L 4MATIC 豪华型,2.6, 2021,2021-05,2023-05,2023-05,35.5,中型SUV,黑色,前置四驱, 2021 
奔驰CLS 2020款 CLS 300 豪华型,0.2, 2020,2020-11,2022-11,2022-11,58.79,中大型车,白色,前置后驱, 2020 
奔驰E级新能源 2022款 E 350 e L 插电式混合动力轿车,1.7, 2022,2022-03,2024-03,2023-03,43.28,中大型车,黑色,前置后驱, 2022 
奔驰A级 2021款 A 200 L 运动轿车动感型,0.9, 2021,2021-03,2023-03,2023-03,20.58,紧凑型车,白色,前置前驱, 2021 
奔驰E级 2019款 E 300 L 时尚型,2.9, 2019,2019-01,2023-01,2023-01,40.9,中大型车,黑色,前置后驱, 2019 
奔驰C级 2017款 C 180 L 运动版,5.7, 2017,2017-03,2023-03,2023-03,17.48,中型车,白色,前置后驱, 2017 
威霆 2021款 2.0T 精英版 7座,1.3, 2021,2021-05,2023-05,2023-05,35.38,中大型车,黑色,前置后驱, 2021 
奔驰E级 2017款 E 300 L 运动时尚型,6.1, 2017,2017-06,2023-06,2023-06,35.2,中大型车,黑色,前置后驱, 2017 
奔驰EQC 2020款 EQC 400 4MATIC,3, 2020,2020-07,2024-07,2023-07,27.88,中型SUV,黑色,双电机四驱, 2020 
奔驰GLA 2019款 GLA 200 时尚型,4.2, 2019,2019-11,2023-11,2022-11,15.88,紧凑型SUV,白色,前置前驱, 2019 
奔驰GLC 2019款 GLC 260 4MATIC 动感型,7.2, 2019,2019-08,2023-08,2023-08,25.58,中型SUV,红/紫色,前置四驱, 2019 
奔驰GLK级 2015款 GLK 260 4MATIC 时尚型 极致版,5.2, 2015,2015-08,2023-08,2023-08,15.9,中型SUV,黑色,前置四驱, 2015 
奔驰E级 2018款 改款 E 200 L,4.4, 2018,2018-09,2022-09,2022-09,30.98,中大型车,黑色,前置后驱, 2018 
思域 2016款 220TURBO CVT豪华版,4.1, 2019,2019-02,2023-02,2023-02,9.58,紧凑型车,白色,前置前驱, 2019 
奔驰GLS 2022款 GLS 450 4MATIC 豪华型,0.7, 2021,2021-09,2023-09,2023-09,116.8,大型SUV,黑色,前置四驱, 2021 
奔驰CLA 2018款 CLA 200 时尚型,3.6, 2018,2018-09,2024-09,2023-09,15.98,紧凑型车,白色,前置前驱, 2018 
奔驰C级 2022款 C 260 L 运动版,0.5, 2022,2022-08,2024-08,2023-08,31.98,中型车,白色,前置后驱, 2022 
奔驰C级 2017款 改款 C 200 L 运动版,2.1, 2017,2017-08,2023-08,2023-08,21.9,中型车,白色,前置后驱, 2017 
奔驰E级 2019款 改款 E 300 L 时尚型,1.1, 2019,2019-06,2023-06,2023-06,39.3,中大型车,黑色,前置后驱, 2019 
奔驰CLA 2018款 CLA 200 动感型,3.3, 2018,2018-12,2022-12,2022-12,16.98,紧凑型车,白色,前置前驱, 2018 
奔驰C级 2022款 C 200 L 运动版,0.2, 2022,2022-04,2024-04,2023-04,28.98,中型车,白色,前置后驱, 2022 
奔驰GLK级 2013款 GLK 300 4MATIC 动感天窗型,6.7, 2014,2014-04,2023-04,2023-04,12.98,中型SUV,白色,前置四驱, 2014 
奔驰A级AMG 2020款 AMG A 35 L 4MATIC,0.4, 2021,2021-10,2023-10,2023-10,30.88,紧凑型车,银/灰色,前置四驱, 2021 
奔驰A级 2019款 A 180 L 运动轿车,1.9, 2019,2019-05,2023-05,2023-05,14.68,紧凑型车,白色,前置前驱, 2019 
奔驰EQC 2022款 EQC 400 4MATIC,1.1, 2022,2022-04,2024-04,2024-04,26.88,中型SUV,黑色,双电机四驱, 2022 
骐达TIIDA 2016款 1.6L CVT智行版,4, 2017,2017-09,2023-09,2023-09,6.8,紧凑型车,红/紫色,前置前驱, 2017 
宝马M5 2014款 M5 马年限量版,10.19, 2014,2014-05,2023-05,2023-05,43.8,中大型车,白色,前置后驱, 2014 
帕杰罗(进口)V97 2019款 3.8L 中东版,6.3, 2020,2020-04,2024-04,2024-04,28.88,中大型SUV,白色,前置四驱, 2020 
揽胜运动版 2014款 3.0 SC V6 智利红限量版,12, 2014,2014-09,2023-09,2023-09,36.98,中大型SUV,红/紫色,前置四驱, 2014 
揽胜运动版 2014款 3.0 SC V6 HSE,11, 2014,2014-04,2024-04,2024-04,36.98,中大型SUV,白色,前置四驱, 2014 
途锐 2017款 3.0TSI 拓野型,6.4, 2017,2017-04,2024-04,2024-04,30.58,中大型SUV,黑色,前置四驱, 2017 
奔驰GLA 2018款 GLA 200 动感型,3.6, 2019,2019-03,2025-03,2024-03,15.58,紧凑型SUV,白色,前置前驱, 2019 
揽胜 2017款 3.0 SC V6 Vogue,16, 2017,2017-01,2024-01,2024-01,70.88,中大型SUV,黑色,前置四驱, 2017 
奔驰C级 2022款 C 260 L 运动版,1.3, 2022,2022-07,2024-07,2023-07,29.88,中型车,蓝色,前置后驱, 2022 
福特F-150 2020款 3.5T 美规版,4.29, 2020,2020-08,2024-08,2023-08,65.38,皮卡,黑色,前置后驱, 2020 
宝马5系 2018款 525Li M运动套装,9, 2019,2019-01,2025-01,2024-01,28.45,中大型车,白色,前置后驱, 2019 
英菲尼迪ESQ 2014款 1.6L 率性版,8, 2019,2019-01,2025-01,2024-01,8.6,小型SUV,白色,前置前驱, 2019 
君威 2019款 GS 28T 精英型 国VI,7.5, 2019,2019-10,2023-10,2023-10,11.58,中型车,蓝色,前置前驱, 2019 
明锐 2020款 1.5L 自动智行豪华版,2, 2021,2021-02,2025-02,2024-02,9.38,紧凑型车,香槟/棕色,前置前驱, 2021 
马自达3 昂克赛拉 2021款 2.0L 自动质雅版,1.5, 2021,2021-01,2025-01,2024-01,10.8,紧凑型车,红/紫色,前置前驱, 2021 
速腾 2018款 1.6L 自动舒适型,6.9, 2018,2018-05,2024-05,2024-05,7.98,紧凑型车,银/灰色,前置前驱, 2018 
奔驰C级 2013款 C 260 CGI 优雅型,12, 2013,2013-04,2024-04,2024-04,8.58,中型车,白色,前置后驱, 2013 
奔驰C级 2015款 C 260 L 运动型,14, 2017,2017-01,2024-01,2024-01,18.35,中型车,白色,前置后驱, 2017 
奔驰C级 2015款 改款 C 200 L 运动型,11, 2015,2015-09,2023-09,2023-09,16.58,中型车,白色,前置后驱, 2015 
理想ONE 2021款 增程6座版,0.71, 2022,2022-05,2024-05,2024-05,24.68,中大型SUV,黑色,双电机四驱, 2022 
逍客 2017款 2.0L CVT精英版 国V,5, 2018,2018-05,2024-05,2023-05,8.98,紧凑型SUV,白色,前置前驱, 2018 
星越L 2021款 2.0TD DCT EVO两驱智尊型,0.7, 2023,2023-01,2025-01,2024-01,15.4,紧凑型SUV,蓝色,前置前驱, 2023 
途乐Y62  2020款 4.0L 中东版,2.3, 2020,2020-10,2024-10,2023-10,45.98,大型SUV,白色,前置四驱, 2020 
马自达CX-4 2021款 2.0L 自动两驱蓝天品位版,2, 2021,2021-01,2025-01,2024-01,11.98,紧凑型SUV,红/紫色,前置前驱, 2021 
迈腾 2020款 330TSI DSG 领先型,4, 2020,2020-10,2024-10,2023-10,15.98,中型车,黑色,前置前驱, 2020 
马自达3 昂克赛拉 2021款 2.0L 自动质雅版,3, 2021,2021-02,2025-02,2024-02,11.68,紧凑型车,白色,前置前驱, 2021 
迈腾 2020款 330TSI DSG 豪华型,5, 2020,2020-08,2024-08,2023-08,16.98,中型车,黑色,前置前驱, 2020 
迈腾 2019款 330TSI DSG 豪华型 国VI,5.8, 2018,2018-12,2024-12,2023-12,14.98,中型车,黑色,前置前驱, 2018 
RAV4荣放 2020款 2.0L CVT四驱风尚版,6.8, 2020,2020-04,2024-04,2024-04,15.8,紧凑型SUV,绿色,前置四驱, 2020 
皓影 2020款 240TURBO CVT两驱尊贵版,4.3, 2020,2020-03,2024-03,2024-03,15.88,紧凑型SUV,银/灰色,前置前驱, 2020 
别克GL8 2014款 2.4L 经典版,11, 2016,2016-07,2023-07,2023-07,7.78,中大型车,蓝色,前置前驱, 2016 
北京现代ix35 2015款 2.0L 自动两驱智能型 国IV,8, 2015,2015-01,2024-01,2024-01,6.38,紧凑型SUV,香槟/棕色,前置前驱, 2015 
别克GL8 2018款 28T 尊贵型 国VI,5.6, 2019,2019-08,2023-08,2023-08,16.48,中大型车,香槟/棕色,前置前驱, 2019 
迈锐宝 2017款 1.5T 自动豪华版,3, 2017,2017-10,2023-10,2023-10,7.68,中型车,白色,前置前驱, 2017 
奥迪Q7 2022款 3.0T 欧规版,1.07, 2023,2023-01,2025-01,2024-01,58.88,中大型SUV,黑色,前置四驱, 2023 
奔腾T77 2021款 PRO 280 TID 自动豪华型,0.06, 2021,2021-08,2023-08,2023-08,8.1,紧凑型SUV,白色,前置前驱, 2021 
Macan 2014款 Macan S 3.0T,9.58, 2015,2015-06,2023-06,2023-06,28.8,中型SUV,白色,前置四驱, 2015 
迈锐宝XL 2020款 535T CVT锐动版,4.2, 2021,2021-07,2023-07,2023-07,8.88,中型车,白色,前置前驱, 2021 
普拉多 2014款 4.0L 自动TX,21, 2014,2014-11,2023-11,2023-11,32.58,中大型SUV,白色,前置四驱, 2014 
保时捷718 2018款 Boxster 2.0T,3.88, 2019,2019-06,2023-06,2023-06,48.8,跑车,蓝色,中置后驱, 2019 
哈弗M6 2019款 1.5T DCT两驱超值版 国VI,4, 2020,2020-04,2024-04,2024-04,6.58,紧凑型SUV,白色,前置前驱, 2020 
甲壳虫 2017款 180TSI 宜乐版,2, 2019,2019-03,2025-03,2024-03,13.45,紧凑型车,蓝色,前置前驱, 2019 
北京BJ40 2018款 PLUS 2.3T 自动四驱旗舰版 国V,9.7, 2018,2018-09,2024-09,2023-09,10.68,紧凑型SUV,黑色,前置四驱, 2018 
领航员 2020款 3.5T 总统系列,0.26, 2022,2022-07,2024-07,2023-07,102.0,大型SUV,黑色,前置四驱, 2022 
宋Pro新能源 2022款 DM-i 110km 旗舰型,0.28, 2022,2022-12,2024-12,2023-12,13.98,紧凑型SUV,红/紫色,前置前驱, 2022 
奥迪A8 2012款 A8L 50 TFSI quattro豪华型,8, 2012,2012-06,2023-06,2023-06,23.8,大型车,黑色,前置四驱, 2012 
天籁 2019款 2.0L XL 舒适版,2, 2019,2019-07,2023-07,2023-07,12.35,中型车,白色,前置前驱, 2019 
威尔法 2019款 双擎 2.5L HV豪华版,0.88, 2021,2021-03,2025-03,2024-03,89.8,中型SUV,白色,前置四驱, 2021 
奥迪A6L 2021款 45 TFSI 臻选动感型,2.8, 2021,2021-02,2025-02,2024-02,34.2,中大型车,黑色,前置前驱, 2021 
名爵6 2021款 Pro 1.5T 自动Trophy豪华版,4.5, 2021,2021-10,2023-10,2023-10,8.68,紧凑型车,黄/橙色,前置前驱, 2021 
奔腾T99 2022款 20TD 自动尊贵型,3.8, 2021,2021-10,2023-10,2023-10,11.0,中大型SUV,黑色,前置前驱, 2021 
马自达3 昂克赛拉 2014款 三厢 2.0L 自动运动型,7.9, 2015,2015-10,2023-10,2023-10,6.58,紧凑型车,白色,前置前驱, 2015 
劲客 2017款 1.5L CVT智行版,5, 2018,2018-01,2024-01,2024-01,7.45,小型SUV,银/灰色,前置前驱, 2018 
辉腾 2012款 3.0L 商务型,16, 2013,2013-06,2023-06,2023-06,13.98,大型车,香槟/棕色,前置四驱, 2013 
逍客 2016款 2.0L CVT豪华版,4, 2016,2016-10,2023-10,2023-10,9.1,紧凑型SUV,白色,前置前驱, 2016 
MINI COUPE 2012款 1.6L COOPER,10, 2013,2013-06,2023-06,2023-06,14.58,跑车,红/紫色,前置前驱, 2013 
红旗HS5 2019款 2.0T 智联旗领四驱版,2.8, 2019,2019-09,2023-09,2023-09,14.0,中型SUV,白色,前置四驱, 2019 
宝马1系 2018款 118i 运动型,3.7, 2019,2019-01,2025-01,2024-01,11.0,紧凑型车,白色,前置前驱, 2019 
牧马人 2017款 3.0L Sahara 四门舒享版,5.5, 2018,2018-10,2024-10,2023-10,28.5,中型SUV,黑色,前置四驱, 2018 
一汽-大众CC 2020款 330TSI 华颜版 国VI,3.27, 2021,2021-01,2025-01,2024-01,17.4,中型车,白色,前置前驱, 2021 
飞驰 2020款 6.0T W12 标准版,3, 2020,2020-11,2024-11,2023-11,288.0,大型车,香槟/棕色,前置四驱, 2020 
奔驰GLC AMG 2017款 AMG GLC 43 4MATIC 特别版,5.8, 2018,2018-01,2024-01,2024-01,35.8,中型SUV,白色,前置四驱, 2018 
雷克萨斯GS 2017款 300 F SPORT,7.8, 2017,2017-12,2023-12,2023-12,25.38,中大型车,银/灰色,前置后驱, 2017 
普拉多进口 2010款 2.7L 自动豪华版,20, 2012,2012-06,2023-06,2023-06,21.98,中大型SUV,白色,前置四驱, 2012 
兰德酷路泽 2010款 4.7L 自动VX,17, 2013,2013-02,2024-02,2024-02,39.6,中大型SUV,绿色,前置四驱, 2013 
奔驰GLA 2017款 GLA 200 时尚型,7.5, 2018,2018-05,2024-05,2024-05,14.9,紧凑型SUV,白色,前置前驱, 2018 
长安UNI-K 智电iDD 2022款 蓝鲸iDD 130km 1.5T 尊贵型,2.5, 2022,2022-03,2024-03,2024-03,15.3,中型SUV,蓝色,前置前驱, 2022 
凌渡 2015款 280TSI DSG舒适版,9.8, 2015,2015-12,2023-12,2023-12,6.58,紧凑型车,黑色,前置前驱, 2015 
牧马人 2015款 3.6L Rubicon 两门舒享版,6.3, 2016,2016-10,2023-10,2023-10,24.68,中型SUV,黄/橙色,前置四驱, 2016 
途锐 2014款 3.0TSI 新锐版,16, 2014,2014-08,2023-08,2023-08,15.58,中大型SUV,黑色,前置四驱, 2014 
奥迪A5 2016款 改款 Sportback 45 TFSI quattro,9, 2017,2017-09,2023-09,2023-09,17.58,中型车,蓝色,前置四驱, 2017 
奕泽IZOA 2018款 2.0L 奕炫版 国V,1, 2018,2018-08,2024-08,2023-08,9.78,小型SUV,红/紫色,前置前驱, 2018 
沃尔沃V40 2017款 T3 智尚版,7.5, 2017,2017-03,2024-03,2024-03,9.6,紧凑型车,白色,前置前驱, 2017 
奥迪A5 2013款 Sportback 40 TFSI风尚版,12, 2013,2013-11,2023-11,2023-11,10.78,中型车,香槟/棕色,前置前驱, 2013 
雅阁 2015款 2.0L LX 舒适版,7, 2015,2015-06,2023-06,2023-06,9.1,中型车,黑色,前置前驱, 2015 
桑塔纳 2019款 1.5L 自动风尚版 国V,4.9, 2020,2020-06,2024-06,2023-06,6.1,紧凑型车,白色,前置前驱, 2020 
传祺M8 2018款 320T 尊贵版,4.5, 2018,2018-09,2024-09,2023-09,13.78,中大型车,白色,前置前驱, 2018 
名图 2014款 1.8L 自动智能型GLS,9, 2014,2014-08,2023-08,2023-08,5.88,中型车,白色,前置前驱, 2014 
起亚KX5 2019款 1.6T 自动两驱豪华版,5.6, 2020,2020-01,2024-01,2024-01,10.8,紧凑型SUV,白色,前置前驱, 2020 
传祺GS4 2017款 235T 自动两驱精英版,3.1, 2018,2018-07,2024-07,2023-07,6.98,紧凑型SUV,黑色,前置前驱, 2018 
英朗 2021款 改款 典范 1.5L 自动精英型,2.7, 2021,2021-07,2023-07,2023-07,7.0,紧凑型车,白色,前置前驱, 2021 
天逸 C5 AIRCROSS 2021款 400THP 悦享型,1.5, 2022,2022-05,2024-05,2024-05,13.8,紧凑型SUV,白色,前置前驱, 2022 
奥迪A8 2021款 A8L 50 TFSI quattro 舒适型,6.1, 2021,2021-07,2023-07,2023-07,55.5,大型车,黑色,前置四驱, 2021 
凯美瑞 2021款 2.5G 豪华版,1.4, 2022,2022-05,2024-05,2024-05,18.38,中型车,黑色,前置前驱, 2022 
奔驰G级 2013款 G 500,7.69, 2014,2014-08,2023-08,2023-08,93.8,中大型SUV,白色,前置四驱, 2014 
观致7 2020款 1.6T 巡航豪华型,1.3, 2021,2021-05,2025-05,2024-05,9.5,紧凑型SUV,黑色,前置前驱, 2021 
传祺GS3 2019款 150N 自动精英版,5.1, 2019,2019-05,2025-05,2024-05,5.6,小型SUV,白色,前置前驱, 2019 
奥迪A6L 2020款 45 TFSI quattro 臻选动感型,5, 2020,2020-07,2024-07,2023-07,28.58,中大型车,黑色,前置四驱, 2020 
长安CS95 2019款 2.0T 四驱豪华型,4.9, 2019,2019-07,2023-07,2023-07,11.2,中大型SUV,白色,前置四驱, 2019 
高尔夫 2018款 230TSI 自动舒适型,10.6, 2018,2018-05,2024-05,2024-05,7.98,紧凑型车,香槟/棕色,前置前驱, 2018 
